wandb_run_id,wandb_run_name,wandb_group,wandb_state,experiment,env_tag,algo_tag,seed,beta,query_strategy,global_step,mean_return,mean_success
0kj80tk9,exp1_dk5_cf_seed0,EXP1_DK5,finished,experiment_1,doorkey5x5,ppo-cf,0,,,4096,0.07005,0.1875
0kj80tk9,exp1_dk5_cf_seed0,EXP1_DK5,finished,experiment_1,doorkey5x5,ppo-cf,0,,,8192,0.053,0.125
0kj80tk9,exp1_dk5_cf_seed0,EXP1_DK5,finished,experiment_1,doorkey5x5,ppo-cf,0,,,12288,0.11828,0.2
0kj80tk9,exp1_dk5_cf_seed0,EXP1_DK5,finished,experiment_1,doorkey5x5,ppo-cf,0,,,16384,0.12733913043478262,0.21739130434782608
0kj80tk9,exp1_dk5_cf_seed0,EXP1_DK5,finished,experiment_1,doorkey5x5,ppo-cf,0,,,20480,0.11293176470588236,0.18823529411764706
0kj80tk9,exp1_dk5_cf_seed0,EXP1_DK5,finished,experiment_1,doorkey5x5,ppo-cf,0,,,24576,0.10648800000000001,0.18
0kj80tk9,exp1_dk5_cf_seed0,EXP1_DK5,finished,experiment_1,doorkey5x5,ppo-cf,0,,,28672,0.11654400000000002,0.21
0kj80tk9,exp1_dk5_cf_seed0,EXP1_DK5,finished,experiment_1,doorkey5x5,ppo-cf,0,,,32768,0.1185,0.24
0kj80tk9,exp1_dk5_cf_seed0,EXP1_DK5,finished,experiment_1,doorkey5x5,ppo-cf,0,,,36864,0.127316,0.29
0kj80tk9,exp1_dk5_cf_seed0,EXP1_DK5,finished,experiment_1,doorkey5x5,ppo-cf,0,,,40960,0.15098399999999998,0.36
0kj80tk9,exp1_dk5_cf_seed0,EXP1_DK5,finished,experiment_1,doorkey5x5,ppo-cf,0,,,45056,0.226472,0.5
0kj80tk9,exp1_dk5_cf_seed0,EXP1_DK5,finished,experiment_1,doorkey5x5,ppo-cf,0,,,49152,0.270856,0.55
0kj80tk9,exp1_dk5_cf_seed0,EXP1_DK5,finished,experiment_1,doorkey5x5,ppo-cf,0,,,53248,0.35266,0.67
0kj80tk9,exp1_dk5_cf_seed0,EXP1_DK5,finished,experiment_1,doorkey5x5,ppo-cf,0,,,57344,0.45833999999999997,0.78
0kj80tk9,exp1_dk5_cf_seed0,EXP1_DK5,finished,experiment_1,doorkey5x5,ppo-cf,0,,,61440,0.509836,0.85
0kj80tk9,exp1_dk5_cf_seed0,EXP1_DK5,finished,experiment_1,doorkey5x5,ppo-cf,0,,,65536,0.5689879999999999,0.89
0kj80tk9,exp1_dk5_cf_seed0,EXP1_DK5,finished,experiment_1,doorkey5x5,ppo-cf,0,,,69632,0.619652,0.92
0kj80tk9,exp1_dk5_cf_seed0,EXP1_DK5,finished,experiment_1,doorkey5x5,ppo-cf,0,,,73728,0.6822599999999999,0.96
0kj80tk9,exp1_dk5_cf_seed0,EXP1_DK5,finished,experiment_1,doorkey5x5,ppo-cf,0,,,77824,0.7289640000000002,0.99
0kj80tk9,exp1_dk5_cf_seed0,EXP1_DK5,finished,experiment_1,doorkey5x5,ppo-cf,0,,,81920,0.7462599999999999,0.97
0kj80tk9,exp1_dk5_cf_seed0,EXP1_DK5,finished,experiment_1,doorkey5x5,ppo-cf,0,,,86016,0.7565119999999999,0.98
0kj80tk9,exp1_dk5_cf_seed0,EXP1_DK5,finished,experiment_1,doorkey5x5,ppo-cf,0,,,90112,0.7970760000000001,0.99
0kj80tk9,exp1_dk5_cf_seed0,EXP1_DK5,finished,experiment_1,doorkey5x5,ppo-cf,0,,,94208,0.822736,1.0
0kj80tk9,exp1_dk5_cf_seed0,EXP1_DK5,finished,experiment_1,doorkey5x5,ppo-cf,0,,,98304,0.8422560000000001,0.99
0kj80tk9,exp1_dk5_cf_seed0,EXP1_DK5,finished,experiment_1,doorkey5x5,ppo-cf,0,,,102400,0.839088,0.99
0kj80tk9,exp1_dk5_cf_seed0,EXP1_DK5,finished,experiment_1,doorkey5x5,ppo-cf,0,,,106496,0.870992,0.98
0kj80tk9,exp1_dk5_cf_seed0,EXP1_DK5,finished,experiment_1,doorkey5x5,ppo-cf,0,,,110592,0.9000639999999999,1.0
0kj80tk9,exp1_dk5_cf_seed0,EXP1_DK5,finished,experiment_1,doorkey5x5,ppo-cf,0,,,114688,0.9102520000000002,1.0
0kj80tk9,exp1_dk5_cf_seed0,EXP1_DK5,finished,experiment_1,doorkey5x5,ppo-cf,0,,,118784,0.90928,1.0
0kj80tk9,exp1_dk5_cf_seed0,EXP1_DK5,finished,experiment_1,doorkey5x5,ppo-cf,0,,,122880,0.9202600000000001,1.0
0kj80tk9,exp1_dk5_cf_seed0,EXP1_DK5,finished,experiment_1,doorkey5x5,ppo-cf,0,,,126976,0.908568,0.99
0kj80tk9,exp1_dk5_cf_seed0,EXP1_DK5,finished,experiment_1,doorkey5x5,ppo-cf,0,,,131072,0.9249040000000001,1.0
0kj80tk9,exp1_dk5_cf_seed0,EXP1_DK5,finished,experiment_1,doorkey5x5,ppo-cf,0,,,135168,0.940672,1.0
0kj80tk9,exp1_dk5_cf_seed0,EXP1_DK5,finished,experiment_1,doorkey5x5,ppo-cf,0,,,139264,0.9449560000000001,1.0
0kj80tk9,exp1_dk5_cf_seed0,EXP1_DK5,finished,experiment_1,doorkey5x5,ppo-cf,0,,,143360,0.941932,1.0
0kj80tk9,exp1_dk5_cf_seed0,EXP1_DK5,finished,experiment_1,doorkey5x5,ppo-cf,0,,,147456,0.9483760000000002,1.0
0kj80tk9,exp1_dk5_cf_seed0,EXP1_DK5,finished,experiment_1,doorkey5x5,ppo-cf,0,,,151552,0.951868,1.0
0kj80tk9,exp1_dk5_cf_seed0,EXP1_DK5,finished,experiment_1,doorkey5x5,ppo-cf,0,,,155648,0.9472600000000001,1.0
0kj80tk9,exp1_dk5_cf_seed0,EXP1_DK5,finished,experiment_1,doorkey5x5,ppo-cf,0,,,159744,0.9521200000000001,1.0
0kj80tk9,exp1_dk5_cf_seed0,EXP1_DK5,finished,experiment_1,doorkey5x5,ppo-cf,0,,,163840,0.955612,1.0
0kj80tk9,exp1_dk5_cf_seed0,EXP1_DK5,finished,experiment_1,doorkey5x5,ppo-cf,0,,,167936,0.955612,1.0
0kj80tk9,exp1_dk5_cf_seed0,EXP1_DK5,finished,experiment_1,doorkey5x5,ppo-cf,0,,,172032,0.956404,1.0
0kj80tk9,exp1_dk5_cf_seed0,EXP1_DK5,finished,experiment_1,doorkey5x5,ppo-cf,0,,,176128,0.955648,1.0
0kj80tk9,exp1_dk5_cf_seed0,EXP1_DK5,finished,experiment_1,doorkey5x5,ppo-cf,0,,,180224,0.959824,1.0
0kj80tk9,exp1_dk5_cf_seed0,EXP1_DK5,finished,experiment_1,doorkey5x5,ppo-cf,0,,,184320,0.958744,1.0
0kj80tk9,exp1_dk5_cf_seed0,EXP1_DK5,finished,experiment_1,doorkey5x5,ppo-cf,0,,,188416,0.9447760000000001,1.0
0kj80tk9,exp1_dk5_cf_seed0,EXP1_DK5,finished,experiment_1,doorkey5x5,ppo-cf,0,,,192512,0.9555039999999999,1.0
0kj80tk9,exp1_dk5_cf_seed0,EXP1_DK5,finished,experiment_1,doorkey5x5,ppo-cf,0,,,196608,0.9592120000000003,1.0
0kj80tk9,exp1_dk5_cf_seed0,EXP1_DK5,finished,experiment_1,doorkey5x5,ppo-cf,0,,,200704,0.9571239999999999,1.0
0kj80tk9,exp1_dk5_cf_seed0,EXP1_DK5,finished,experiment_1,doorkey5x5,ppo-cf,0,,,204800,0.958672,1.0
0kj80tk9,exp1_dk5_cf_seed0,EXP1_DK5,finished,experiment_1,doorkey5x5,ppo-cf,0,,,208896,0.9584200000000002,1.0
0kj80tk9,exp1_dk5_cf_seed0,EXP1_DK5,finished,experiment_1,doorkey5x5,ppo-cf,0,,,212992,0.9590680000000001,1.0
0kj80tk9,exp1_dk5_cf_seed0,EXP1_DK5,finished,experiment_1,doorkey5x5,ppo-cf,0,,,217088,0.9509679999999999,1.0
0kj80tk9,exp1_dk5_cf_seed0,EXP1_DK5,finished,experiment_1,doorkey5x5,ppo-cf,0,,,221184,0.9589960000000001,1.0
0kj80tk9,exp1_dk5_cf_seed0,EXP1_DK5,finished,experiment_1,doorkey5x5,ppo-cf,0,,,225280,0.9602560000000001,1.0
0kj80tk9,exp1_dk5_cf_seed0,EXP1_DK5,finished,experiment_1,doorkey5x5,ppo-cf,0,,,229376,0.95986,1.0
0kj80tk9,exp1_dk5_cf_seed0,EXP1_DK5,finished,experiment_1,doorkey5x5,ppo-cf,0,,,233472,0.9569799999999999,1.0
0kj80tk9,exp1_dk5_cf_seed0,EXP1_DK5,finished,experiment_1,doorkey5x5,ppo-cf,0,,,237568,0.9591039999999998,1.0
0kj80tk9,exp1_dk5_cf_seed0,EXP1_DK5,finished,experiment_1,doorkey5x5,ppo-cf,0,,,241664,0.9522999999999999,1.0
0kj80tk9,exp1_dk5_cf_seed0,EXP1_DK5,finished,experiment_1,doorkey5x5,ppo-cf,0,,,245760,0.9579160000000002,1.0
0kj80tk9,exp1_dk5_cf_seed0,EXP1_DK5,finished,experiment_1,doorkey5x5,ppo-cf,0,,,249856,0.9562239999999999,1.0
