,,,success_auc,success_auc,success_auc,success_auc,final_success,final_success,final_success,final_success,frames_to_50,frames_to_50,frames_to_50,frames_to_50,frames_to_90,frames_to_90,frames_to_90,frames_to_90,first_success_step,first_success_step,first_success_step,first_success_step,wall_time_s,wall_time_s,wall_time_s,wall_time_s,final_entropy,final_entropy,final_entropy,final_entropy,mean_cf_reward_coverage,mean_cf_reward_coverage,mean_cf_reward_coverage,mean_cf_reward_coverage,mean_cf_corr_gae,mean_cf_corr_gae,mean_cf_corr_gae,mean_cf_corr_gae
,,,median,mean,std,count,median,mean,std,count,median,mean,std,count,median,mean,std,count,median,mean,std,count,median,mean,std,count,median,mean,std,count,median,mean,std,count,median,mean,std,count
env_tag,beta,group,,,,,,,,,,,,,,,,,,,,,,,,,,,,,,,,,,,,
doorkey6x6,0.25,distill,0.5488844011715162,0.570990902017422,0.05361376123642549,5,1.0,1.0,0.0,5,4784.0,117900.8,157312.96924030135,5,4784.0,176310.4,241326.8656341436,5,4784.0,5945.6,4250.531825548422,5,1196.4,1168.02,170.8794224007092,5,0.8098431061953306,0.7375809071585536,0.254062161416442,5,0.1601930656308904,0.1862245577959292,0.09003810002271671,5,,,,0
doorkey6x6,0.25,queried,0.4397198402571822,0.4667322790544152,0.05912959886828007,5,0.99,0.968,0.05540758070878028,5,3744.0,133036.8,178698.20364849782,5,3744.0,243939.2,336743.9437246051,5,3744.0,6403.2,5607.142873157416,5,1201.6,1174.3799999999999,162.65208882765683,5,1.5427609868347645,1.2910579390823842,0.48718761745673383,5,0.0399173663867785,0.0829363492698158,0.06449591286413477,5,,,,0
doorkey6x6,0.75,distill,0.6341419622378118,0.6397955526840887,0.06058441928067249,5,1.0,0.998,0.004472135954999567,5,4784.0,119584.0,159618.6764009776,5,4784.0,156137.6,211990.10349730952,5,4784.0,5945.6,4250.531825548422,5,1192.4,1172.46,162.1789844585296,5,0.5190979968756437,0.5072124466300011,0.10778444619225584,5,0.2214161954265912,0.24415947906551655,0.06189660982460351,5,,,,0
doorkey6x6,0.75,queried,0.5472378020117405,0.5349436385903632,0.0486036727490657,5,1.0,1.0,0.0,5,4400.0,147936.0,199256.9062491938,5,4400.0,186755.2,252313.49373983152,5,4400.0,10179.2,13232.935396199891,5,1181.9,1147.68,147.428904899955,5,0.7840527016669512,0.7823842737823725,0.19841806920337357,5,0.1901144304183088,0.1781573085051693,0.0569719641255646,5,,,,0
doorkey6x6,1.5,distill,0.6330992237539081,0.6407572593507554,0.0634020994262942,5,1.0,1.0,0.0,5,4784.0,97523.2,129833.70059888149,5,4784.0,130278.4,174253.14058805368,5,4784.0,5945.6,4250.531825548422,5,1194.4,1159.8,156.60312895980067,5,0.2918351925909519,0.3633128979243338,0.11120959795449888,5,0.2848955655832905,0.27602673216427714,0.08315076092419985,5,,,,0
doorkey6x6,1.5,queried,0.6663688164782232,0.6190548591787024,0.0961126073562217,5,1.0,0.9960000000000001,0.008944271909999175,5,3840.0,117820.8,159451.85441129244,5,3840.0,165049.6,226593.0474767485,5,3840.0,5980.8,4786.426140660691,5,1195.6,1150.92,161.1468026366022,5,0.5944694001227617,0.8359145671129227,0.47291351900125644,5,0.2487100397936063,0.23078197292511562,0.12852491540795857,5,,,,0
redbluedoors6x6,0.25,distill,0.3540082332530954,0.2705734707758412,0.1981174816079203,5,1.0,0.784,0.4292784644027697,5,685760.0,703496.0,150505.21227740476,4,758080.0,781048.0,155544.45267296847,4,11344.0,10428.8,5845.65643875861,5,3935.2,4046.8199999999997,678.9407757676659,5,0.125774041051045,0.5697510461555793,0.6838392026696072,5,0.3142957102873137,0.23649111783857885,0.17927287125583602,5,,,,0
redbluedoors6x6,0.25,queried,0.3328548017651919,0.3020262935404049,0.19502769532236947,5,0.99,0.782,0.43842901363846803,5,691264.0,663024.0,137461.24601016342,4,764808.0,729976.0,142040.23497586872,4,11344.0,9644.8,4502.548966974152,5,4206.1,4087.28,855.0946011991888,5,0.1961022135801613,0.41754888743162155,0.5995562998024181,5,0.2541626206660193,0.23736362597818011,0.15676826065233906,5,,,,0
redbluedoors6x6,0.75,distill,0.0486444175085929,0.0824023667758412,0.08763532546138249,5,0.07,0.26999999999999996,0.4138236339311712,5,836064.0,836064.0,,1,903600.0,903600.0,,1,11344.0,10428.8,5845.65643875861,5,4651.7,4505.68,643.3977440122092,5,0.9240020327270032,0.8594311164692044,0.3721654784007701,5,0.0102530416404866,0.04325698292111718,0.06917007409614279,5,,,,0
redbluedoors6x6,0.75,queried,0.4237802218995948,0.34205626068282774,0.20322380227412146,5,1.0,0.828,0.3846036921299638,5,617024.0,624540.0,135768.60400941988,4,672080.0,679760.0,146907.04122902572,4,11200.0,8864.0,3541.8232592832746,5,3920.2,3901.7599999999998,821.2635192190143,5,0.1374805304221809,0.43422722946852443,0.6897134588845869,5,0.3518806763009082,0.29002399040383836,0.19071015464351168,5,,,,0
redbluedoors6x6,1.5,distill,0.016623206658954,0.014956990775841181,0.008569280571417577,5,0.0,0.002,0.004472135954999579,5,,,,0,,,,0,11344.0,10428.8,5845.65643875861,5,5038.4,4844.0599999999995,612.3011824257737,5,0.8486295975744724,0.7429136488586664,0.16231101773093554,5,0.0043125606900096,0.0037670646027302803,0.0021970596815158697,5,,,,0
redbluedoors6x6,1.5,queried,0.349256641143315,0.36431153419206364,0.24321478783096945,5,1.0,0.818,0.40696437190496176,5,575568.0,593356.0,186964.2469350758,4,640256.0,663244.0,197163.62953310294,4,11616.0,9107.2,3765.279697446127,5,3762.8,3764.6800000000003,890.6013344926,5,0.119136992841959,0.46498587098903954,0.6414599669582658,5,0.3084266293482606,0.3111041297766607,0.23713383263456875,5,,,,0
taxi,0.25,distill,0.37379656,0.4004288363350871,0.08834196060854864,5,0.67,0.724,0.17242389625571045,5,489136.0,473808.0,51469.18114755664,5,720576.0,720576.0,,1,7632.0,15462.4,19853.41353017158,5,386.8,373.82,81.85638032554336,5,0.3936020191758871,0.4300234930589795,0.16921438048167606,5,1.0,1.0,0.0,5,,,,0
taxi,0.25,queried,0.4307716117529188,0.4392973506856709,0.08293532491297538,5,0.73,0.796,0.1427585373979434,5,424240.0,457478.4,72028.5299919414,5,606080.0,606080.0,198872.3679951541,2,7632.0,8979.2,5571.980186612296,5,356.8,353.26,63.70021977984062,5,0.3696157298982143,0.42997129410505297,0.16599890848569632,5,1.0,1.0,0.0,5,,,,0
taxi,0.75,distill,0.432387492584756,0.3987546443350871,0.13711345104905334,5,0.74,0.74,0.21874642854227358,5,432384.0,504995.2,158664.27586322007,5,723264.0,723264.0,171809.97726558257,2,7632.0,15462.4,19853.41353017158,5,401.1,375.82,83.54631649570196,5,0.3380407560616731,0.49990730844438075,0.40278541691818426,5,1.0,1.0,0.0,5,,,,0
taxi,0.75,queried,0.4530325325847559,0.4442526483985508,0.06832183772620701,5,0.75,0.736,0.08734987120768983,5,414384.0,419683.2,66359.51093249557,5,,,,0,7632.0,24953.6,34287.138766598764,5,361.7,354.65999999999997,74.09826583665773,5,0.5865009315311909,0.47672854363918304,0.18798520335154456,5,1.0,1.0,0.0,5,,,,0
taxi,1.5,distill,0.29461328,0.3161811563350871,0.07226742979820919,5,0.67,0.744,0.21279097725232618,5,573472.0,604060.8,97515.84069883211,5,824304.0,824304.0,47698.59503171975,2,7632.0,15462.4,19853.41353017158,5,391.5,381.14,68.04328034420445,5,0.7572614364326,0.7390993893146515,0.1430564560752647,5,1.0,1.0,0.0,5,,,,0
taxi,1.5,queried,0.4279922399999999,0.43691814551111124,0.04754869847985361,5,0.68,0.72,0.1276714533480371,5,418608.0,409596.8,58247.192303148826,5,695184.0,695184.0,,1,7632.0,17673.6,17192.156723343352,5,366.9,355.1,72.1749263941433,5,0.3839615695178509,0.3587698044255375,0.10112633589184132,5,1.0,1.0,0.0,5,,,,0
unlockpickup,0.25,distill,0.7308157333333333,0.7306539163109136,0.049353228453521726,5,0.99,0.984,0.018165902124584972,5,391904.0,392355.2,75442.81852635146,5,433072.0,435270.4,65172.61913411185,5,55072.0,86614.4,76742.39806521556,5,5190.7,4969.36,814.5140440778168,5,0.9532399699091912,0.8305100658908486,0.2535152714580855,5,0.6191475790636126,0.6294253727080596,0.04585473591357867,5,,,,0
unlockpickup,0.25,queried,0.70355904,0.7169728510930299,0.07018124748282009,5,1.0,0.99,0.014142135623730973,5,444368.0,416150.4,106337.53270035938,5,469600.0,462534.4,102821.42195476584,5,63904.0,60185.6,40257.546234215515,5,5015.3,5000.42,832.046968025243,5,1.0262960828840733,0.9175969267264008,0.312133033173627,5,0.6073237371717979,0.6159469545515128,0.06169795350295154,5,,,,0
unlockpickup,0.75,distill,0.6118615466666667,0.6616114843109135,0.09980900371260853,5,0.99,0.99,0.010000000000000009,5,574192.0,499782.4,154555.71861565008,5,618144.0,541196.8,152375.58372390244,5,55072.0,76646.4,64116.67524755163,5,4908.5,5019.84,671.0452875924246,5,0.6664097886532545,0.6427954794839025,0.15678268895632244,5,0.5092391614782658,0.5639506102320977,0.08826002352237831,5,,,,0
unlockpickup,0.75,queried,0.7579455999999999,0.7539250859967784,0.036843925485526494,5,1.0,0.9960000000000001,0.0054772255750516865,5,345376.0,352758.4,56724.30291153873,5,385248.0,399468.8,51895.55221018464,5,64224.0,55075.2,36818.17012291621,5,5060.5,4833.04,679.3037597422815,5,0.980528499931097,1.0085144437849523,0.09789988057427752,5,0.6528531444565031,0.6484577597532415,0.033668197999757433,5,,,,0
unlockpickup,1.5,distill,0.5406946133333332,0.5696481669775803,0.17302597545471196,5,0.99,0.994,0.005477225575051679,5,682800.0,637824.0,262428.7579363207,5,712064.0,671091.2,253452.94825509528,5,55072.0,60105.6,41067.95710526639,5,5252.2,5421.76,945.4080246115961,5,0.3580989455804229,0.38641467653214934,0.08909410812784258,5,0.45064831210373,0.47491289198606274,0.14304457746287738,5,,,,0
unlockpickup,1.5,queried,0.6008484687051839,0.6291184074378623,0.05967146787666,5,0.99,0.986,0.016733200530681523,5,579824.0,543484.8,89345.85055390095,5,634384.0,591776.0,90302.07226858086,5,27312.0,50096.0,66365.07225943478,5,5292.1,5165.32,609.3472179307954,5,1.0770562253892422,0.9869586355984211,0.18316531551004467,5,0.5107100017136003,0.534052093448335,0.05877094673725081,5,,,,0
