stage,group,env_tag,algo_tag,seed,beta,query_strategy,run_name,env_id,config_source,pg_mode,alpha_gae,alpha_cf,cf_horizon,cf_subsample,cf_branch_budget,perturb_beta,total_timesteps,wall_time_s,n_episodes,first_success_step,out_dir,finished_at,git_sha,final_success,n_success_episodes,success_auc,frames_to_50,frames_to_90,final_subgoal1,final_subgoal2,final_return_100,final_length_100,final_entropy,final_approx_kl,final_clipfrac,final_explained_variance,final_pg_loss,final_v_loss,final_sps,mean_cf_centering,final_cf_centering,mean_cf_mean_abs,final_cf_mean_abs,mean_cf_corr_gae,final_cf_corr_gae,mean_cf_frac_states,final_cf_frac_states,mean_perturb_beta,final_perturb_beta,mean_perturb_scope_fraction,final_perturb_scope_fraction,mean_perturb_centering,final_perturb_centering,mean_perturb_mean_abs,final_perturb_mean_abs,mean_perturb_payload_rms,final_perturb_payload_rms,mean_distill_centering,final_distill_centering,mean_distill_mean_abs,final_distill_mean_abs,mean_cf_reward_coverage,final_cf_reward_coverage,mean_cf_terminated_within_horizon,final_cf_terminated_within_horizon,mean_cf_frac_states_any_reward,final_cf_frac_states_any_reward,mean_cf_branch_transitions,final_cf_branch_transitions,mean_cf_n_cf_states,final_cf_n_cf_states,mean_cf_query_active,final_cf_query_active,mean_cf_query_score_mean,final_cf_query_score_mean,mean_cf_query_score_selected_mean,final_cf_query_score_selected_mean,mean_cf_query_score_unselected_mean,final_cf_query_score_unselected_mean,mean_cf_query_score_selected_p10,final_cf_query_score_selected_p10,mean_cf_query_uncertainty_mean,final_cf_query_uncertainty_mean,mean_cf_query_uncertainty_selected_mean,final_cf_query_uncertainty_selected_mean,mean_cf_query_uncertainty_unselected_mean,final_cf_query_uncertainty_unselected_mean,mean_cf_query_leverage_mean,final_cf_query_leverage_mean,mean_cf_query_leverage_selected_mean,final_cf_query_leverage_selected_mean,mean_cf_query_leverage_unselected_mean,final_cf_query_leverage_unselected_mean,mean_distill_query_ready,final_distill_query_ready,mean_distill_query_uncertainty_mean,final_distill_query_uncertainty_mean,mean_distill_query_uncertainty_p90,final_distill_query_uncertainty_p90,mean_distill_query_leverage_mean,final_distill_query_leverage_mean,mean_distill_query_leverage_p90,final_distill_query_leverage_p90,mean_distill_query_score_mean,final_distill_query_score_mean,mean_distill_query_active_strategy,final_distill_query_active_strategy,mean_distill_replay_size,final_distill_replay_size,mean_distill_total_labels,final_distill_total_labels,mean_distill_student_loss,final_distill_student_loss,mean_distill_student_steps,final_distill_student_steps,mean_distill_target_centering,final_distill_target_centering,mean_distill_prediction_centering,final_distill_prediction_centering,mean_distill_heldout_pg_error,final_distill_heldout_pg_error,mean_distill_heldout_teacher_pg_norm,final_distill_heldout_teacher_pg_norm,mean_distill_heldout_student_pg_norm,final_distill_heldout_student_pg_norm,mean_distill_heldout_direction_cos,final_distill_heldout_direction_cos,mean_distill_heldout_best_action_agreement,final_distill_heldout_best_action_agreement
E3_DK6,active,doorkey6x6,ppo-cf-distilled-uncertainty-leverage,0,0.75,uncertainty_leverage,e3_dk6_active_b0p75,MiniGrid-DoorKey-6x6-v0,doorkey6x6_cf,landscape_distill,1.0,0.5,16,0.02,0.64,0.75,750000,1149.6,16805,9632,runs/e3_dk6_active_b0p75/seed_0,2026-09-11T16:44:56+0800,c7f5f8c,1.0,16039,0.6942274363241023,217056.0,358400.0,1.0,1.0,0.9599000000000001,16.04,0.439433584921062,0.0120375081751262,0.1077880859375,0.6964361340502644,-0.0110778833623044,0.00036462427488,654.0,,,,,,,0.0,0.0,0.6905737704918032,0.75,1.0,1.0,3.5184523175964183e-09,3.4660843084566287e-09,0.005531557959687589,0.0091437017545104,0.054265596445833036,0.0500365495681762,3.5184523175964183e-09,3.4660843084566287e-09,0.005531557959687589,0.0091437017545104,0.3690618990499038,0.7038327526132404,0.3690618990499038,0.7038327526132404,0.642676262828202,0.975609756097561,7703.3442622950815,7957.0,41.0,41.0,0.9344262295081968,1.0,1.5586132166943344e-05,5.353164944835176e-06,6.638538180451179e-05,3.264128188276096e-05,1.4548379683066526e-05,4.795709641170524e-06,5.050519770020492e-05,2.347332520002965e-05,0.003958393069128967,0.0023684870155307,0.006032969303450242,0.0059730973798872,0.003916012588009294,0.0022948502318044,0.003234431592385181,0.0020414495980958,0.009623437527900909,0.0054398049123403,0.0031039137830398147,0.0019720262957121,0.9344262295081968,1.0,0.003958393070882376,0.0023684869520366,0.005867275617421233,0.0045552100054919,0.0032344315877906463,0.0020414495375007,0.005321470128697968,0.0037692859768867,1.5586132093902276e-05,5.35316485184012e-06,1.0,1.0,3548.1639344262294,4096.0,7544.0,15006.0,0.0018431526662598767,0.0004029030737001,10.0,10.0,9.835665268763508e-08,1.608059392310679e-07,1.7393576754975931e-09,6.875779945403336e-10,0.012253176015699896,0.0079821925610303,0.01223563660468006,0.008406912907958,0.0045525375958798825,0.0029781621415168,0.15217858022789768,0.3091591298580169,0.3805144608823138,0.4390243902439024
E3_DK6,active,doorkey6x6,ppo-cf-distilled-uncertainty-leverage,1,0.75,uncertainty_leverage,e3_dk6_active_b0p75,MiniGrid-DoorKey-6x6-v0,doorkey6x6_cf,landscape_distill,1.0,0.5,16,0.02,0.64,0.75,750000,1192.8,4803,3360,runs/e3_dk6_active_b0p75/seed_1,2026-09-11T16:48:14+0800,c7f5f8c,1.0,3588,0.5216275375402424,3360.0,3360.0,1.0,1.0,0.9011,39.56,1.229149866849184,0.013191627265769,0.16015625,0.4610733930511377,-0.0067213848233222,0.0038868852061568,631.0,,,,,,,0.0,0.0,0.6905737704918032,0.75,1.0,1.0,5.058147329035535e-09,1.1175870895385742e-08,0.00415763025594453,0.0096383690834045,0.059794175199390724,0.0582069940865039,5.058147329035535e-09,1.1175870895385742e-08,0.00415763025594453,0.0096383690834045,0.2866186858589897,0.6393728222996515,0.2866186858589897,0.6393728222996515,0.5651072904171665,0.8292682926829268,7559.524590163935,5138.0,41.0,41.0,0.9344262295081968,1.0,2.5771350528920957e-05,3.908865204471645e-05,0.0001425074716245043,0.0001868395423715,2.3386606650036964e-05,3.607032294486607e-05,9.21137654176619e-05,0.000172396947164,0.005619123605429847,0.0073254720894624,0.008356617137830454,0.0074330952540948,0.005563200718121216,0.0073232735096169,0.00362978785460599,0.0054204573112173,0.014034536147480662,0.0311874737281624,0.0034172344515128886,0.0048940758099244,0.9344262295081968,1.0,0.0056191236022452165,0.0073254723101854,0.00796609154337493,0.0122747626155614,0.0036297878632168767,0.0054204575717449,0.006059077256002869,0.008838246576488,2.5771350585555356e-05,3.908865255652927e-05,1.0,1.0,3548.1639344262294,4096.0,7544.0,15006.0,0.002528307920379744,0.0021799254813231,10.0,10.0,8.691086516646564e-08,9.99134499579668e-08,2.9392604343139865e-09,2.270098775625229e-09,0.015518843672172085,0.0085202753543853,0.015360042926743374,0.0151900053024292,0.006632722029335181,0.0135674374178051,0.14322457084676526,0.6633017063140869,0.3915767026522724,0.7073170731707317
E3_DK6,active,doorkey6x6,ppo-cf-distilled-uncertainty-leverage,2,0.75,uncertainty_leverage,e3_dk6_active_b0p75,MiniGrid-DoorKey-6x6-v0,doorkey6x6_cf,landscape_distill,1.0,0.5,16,0.02,0.64,0.75,750000,1831.3,9866,4784,runs/e3_dk6_active_b0p75/seed_2,2026-09-11T17:07:07+0800,c7f5f8c,1.0,8872,0.6044211111092963,4784.0,4784.0,1.0,1.0,0.949575,20.17,0.7149884942919016,0.0178250356329954,0.155517578125,0.7190767670568288,-0.0179246735497144,0.0007278968405444,410.0,,,,,,,0.0,0.0,0.6905737704918032,0.75,1.0,1.0,4.558223438044613e-09,3.725290298461914e-09,0.005193231565956629,0.0108647970482707,0.050965993843280516,0.106689766049385,4.558223438044613e-09,3.725290298461914e-09,0.005193231565956629,0.0108647970482707,0.3272214923554388,0.367595818815331,0.3272214923554388,0.367595818815331,0.5876316140210582,0.7073170731707317,7519.88524590164,8371.0,41.0,41.0,0.9344262295081968,1.0,2.1443750722406075e-05,1.8486797177530437e-05,9.000157771462957e-05,6.965339867392463e-05,2.004321713661526e-05,1.7441540246114308e-05,6.821472023716053e-05,5.333133231033571e-05,0.004776670350874539,0.0041550757790957,0.007181588722584086,0.0083070467794086,0.004727541475318941,0.0040702572384815,0.003650089427246536,0.0043574984155299,0.01053830651060503,0.0090048420356541,0.0035093734828430937,0.0042625601552284,0.9344262295081968,1.0,0.004776670365299107,0.0041550756432116,0.006863931690780346,0.0066638546995818,0.0036500894112761356,0.0043574981391429,0.0060293780712288155,0.0076937661506235,2.1443750701141733e-05,1.8486796761862934e-05,1.0,1.0,3548.1639344262294,4096.0,7544.0,15006.0,0.0022467580089936563,0.0012602742528542,10.0,10.0,9.702856743687549e-08,2.2161839297041297e-07,2.1031841332260823e-09,3.5506673157215123e-09,0.014193408752287709,0.0117965452373027,0.014120069426093762,0.0103205628693103,0.005009900047119321,0.0047574574127793,0.1405390960334856,-0.1431577801704406,0.363321338131414,0.0975609756097561
E3_DK6,uncertainty,doorkey6x6,ppo-cf-distilled-uncertainty,0,0.75,uncertainty,e3_dk6_uncertainty_b0p75,MiniGrid-DoorKey-6x6-v0,doorkey6x6_cf,landscape_distill,1.0,0.5,16,0.02,0.64,0.75,750000,1194.4,15962,9632,runs/e3_dk6_uncertainty_b0p75/seed_0,2026-09-11T16:25:46+0800,c7f5f8c,1.0,15158,0.6687479696574357,242304.0,351600.0,1.0,1.0,0.959425,16.23,0.434672643430531,0.0215447229711571,0.1328125,0.7718080729709513,-0.0133918132924009,0.0002815268658196,629.0,,,,,,,0.0,0.0,0.6905737704918032,0.75,1.0,1.0,3.93604954336948e-09,4.547473508864641e-09,0.005407648898986795,0.0102796414867043,0.057234530754468764,0.1131617054343223,3.93604954336948e-09,4.547473508864641e-09,0.005407648898986795,0.0102796414867043,0.23585803773728603,0.4790940766550522,0.23585803773728603,0.4790940766550522,0.4646141543382646,0.8048780487804879,8348.945355191257,8443.0,41.0,41.0,0.9344262295081968,1.0,0.003646690951377469,0.0026682077313537,0.007439822816388741,0.0065194373019039,0.003569202956128113,0.0025895328871123,0.006808684682691339,0.0060355588793754,0.0035308796425438144,0.0026682077313537,0.007075293865302119,0.0065194373019039,0.0034584725757111864,0.0025895328871123,0.0033587260578692713,0.0029932629608708,0.006004780857580543,0.0067425666592742,0.00330467112673416,0.0029166703093339,0.9344262295081968,1.0,0.0035308796417507066,0.0026682077441364,0.0051477815067812365,0.004905676934868,0.003358726073539883,0.0029932630714029,0.005648080563004703,0.0058260494843125,0.0036466909505764055,0.0026682077441364,1.0,1.0,3548.1639344262294,4096.0,7544.0,15006.0,0.0015296318784539815,0.0006277898268308,10.0,10.0,8.920649106349117e-08,1.3234966900199654e-07,9.235362687106486e-10,1.8917489796876907e-09,0.011295509087290729,0.0096541102975606,0.011142433962283373,0.0098882792517542,0.0027110859253277908,0.0037671653553843,0.084726987102214,0.2683931589126587,0.2936158869785419,0.4390243902439024
E3_DK6,uncertainty,doorkey6x6,ppo-cf-distilled-uncertainty,1,0.75,uncertainty,e3_dk6_uncertainty_b0p75,MiniGrid-DoorKey-6x6-v0,doorkey6x6_cf,landscape_distill,1.0,0.5,16,0.02,0.64,0.75,750000,1253.2,14676,3360,runs/e3_dk6_uncertainty_b0p75/seed_1,2026-09-11T16:28:21+0800,c7f5f8c,1.0,13737,0.6114735108735757,3360.0,3360.0,1.0,1.0,0.9547,18.12,0.4929912993684411,0.1774075945213553,0.23291015625,0.4808268486588894,-0.0136322534526698,0.0016993649533105,600.0,,,,,,,0.0,0.0,0.6905737704918032,0.75,1.0,1.0,3.84784315642694e-09,4.649336915463209e-09,0.005764633256183693,0.0155287161469459,0.05850283723182036,0.0500958934426307,3.84784315642694e-09,4.649336915463209e-09,0.005764633256183693,0.0155287161469459,0.23523923763827795,0.4355400696864111,0.23523923763827795,0.4355400696864111,0.46807943489270964,0.7804878048780488,8299.289617486338,7326.0,41.0,41.0,0.9344262295081968,1.0,0.0035211346449432607,0.0026155900217261,0.007026789256435536,0.0076638168269177,0.003449519378839035,0.0025124623191786,0.006482102844880421,0.0064083887264132,0.0034078093601408316,0.0026155900217261,0.006682713611440095,0.0076638168269177,0.0033409079778272963,0.0025124623191786,0.0032265169807576205,0.0032775061794794,0.005250550043562088,0.0059286228937619,0.003185169020829875,0.0032233478410212,0.9344262295081968,1.0,0.0034078093738004593,0.0026155901141464,0.004959007085153346,0.0049472912214696,0.003226516948366498,0.0032775062136352,0.00557386867900481,0.0052597830072045,0.0035211346622784725,0.0026155901141464,1.0,1.0,3548.1639344262294,4096.0,7544.0,15006.0,0.0016753885348262912,0.0007382455805782,10.0,10.0,8.604970662915046e-08,1.4972465578466656e-07,1.0471275285841539e-09,4.745288606500253e-10,0.012510870388693696,0.0077022453770041,0.01209549001361432,0.0066855601035058,0.002525497266950797,0.0030009467154741,0.02411792736871535,-0.1492886841297149,0.2861522057843529,0.2682926829268293
E3_DK6,uncertainty,doorkey6x6,ppo-cf-distilled-uncertainty,2,0.75,uncertainty,e3_dk6_uncertainty_b0p75,MiniGrid-DoorKey-6x6-v0,doorkey6x6_cf,landscape_distill,1.0,0.5,16,0.02,0.64,0.75,750000,1462.9,12299,4784,runs/e3_dk6_uncertainty_b0p75/seed_2,2026-09-11T16:36:36+0800,c7f5f8c,1.0,11442,0.6439630844426296,4784.0,4784.0,1.0,1.0,0.9552999999999998,17.88,0.6588330287486315,0.0169308497643214,0.1387939453125,0.6464459889265801,-0.0135580181959085,0.0006906852195243,513.0,,,,,,,0.0,0.0,0.6905737704918032,0.75,1.0,1.0,2.923416651440581e-09,7.057678885757923e-09,0.004906717770544588,0.0105303972959518,0.05228194674792507,0.1068123877048492,2.923416651440581e-09,7.057678885757923e-09,0.004906717770544588,0.0105303972959518,0.2550884408141505,0.6202090592334495,0.2550884408141505,0.6202090592334495,0.4951352792216446,0.951219512195122,8178.945355191257,7305.0,41.0,41.0,0.9344262295081968,1.0,0.0037248180167743887,0.0033756806661955,0.007239257991495875,0.0089902684955698,0.0036530232788752484,0.0032609830573244,0.006652716927132275,0.0078576104715466,0.0036311039233941906,0.0033756806661955,0.006913284082652369,0.0089902684955698,0.0035640539051931047,0.0032609830573244,0.0035802447839923587,0.0042259839703007,0.006244321922606122,0.0068236420487576,0.003525821683502487,0.0041729177115978,0.9344262295081968,1.0,0.0036311039295240438,0.0033756806515157,0.005121669269553614,0.0054575549438595,0.0035802447733270333,0.0042259842157363,0.005978455885359204,0.0079694958403706,0.003724818021244164,0.0033756806515157,1.0,1.0,3548.1639344262294,4096.0,7544.0,15006.0,0.0017244569480481808,0.0009334442031104,10.0,10.0,8.550305946688449e-08,1.487715053372085e-07,9.62491405337713e-10,1.1568772606551647e-09,0.012295872637813687,0.0097233904525637,0.012007610265501407,0.0108910519629716,0.0029252172613775497,0.0032755401916801,0.046883138032474854,0.5030592679977417,0.2658936425429828,0.5365853658536586
E3_DK6,uniform,doorkey6x6,ppo-cf-distilled-uniform,0,0.75,uniform,e3_dk6_uniform_b0p75,MiniGrid-DoorKey-6x6-v0,doorkey6x6_cf,landscape_distill,1.0,0.5,16,0.02,0.64,0.75,750000,1167.0,15385,9632,runs/e3_dk6_uniform_b0p75/seed_0,2026-09-11T16:05:51+0800,c7f5f8c,1.0,14497,0.6260590096574356,319184.0,382512.0,1.0,1.0,0.961975,15.21,0.3440617378801107,0.0234357429872034,0.1177978515625,0.7411634373817257,-0.0108720167190767,0.0003540712823451,647.0,,,,,,,0.0,0.0,0.6905737704918032,0.75,1.0,1.0,1.8365576697562047e-09,2.648448571562767e-09,0.004352679931942853,0.0112845320254564,0.04041784654671698,0.1158136948943138,1.8365576697562047e-09,2.648448571562767e-09,0.004352679931942853,0.0112845320254564,0.26499876239980197,0.8954703832752613,0.26499876239980197,0.8954703832752613,0.3659869385579102,0.975609756097561,8017.68306010929,4991.0,41.0,41.0,0.0,0.0,,,,,,,,,0.0021045527159407793,0.0017404174681701,0.0021020429724217192,0.0020013462018119,0.0021046039862368834,0.0017350870854699,0.0022178534188634484,0.0033383919123082,0.0022487704556569963,0.0039873498672244,0.0022172218301696077,0.0033251346745645,0.9344262295081968,1.0,0.0021045527216097437,0.0017404174432158,0.003160823436194337,0.0037196215707808,0.002217853421159549,0.0033383918926119,0.0037103847083965946,0.0061039915308356,,,0.0,0.0,3548.1639344262294,4096.0,7544.0,15006.0,0.0006875723776163098,0.0002609428687719,10.0,10.0,8.863224013131783e-08,1.6431476979050785e-07,1.0475937688667226e-09,1.928128767758608e-09,0.006056938072936202,0.0023444541729986,0.0060825215966206145,0.0031276829540729,0.0008695827448126875,0.0015633191214874,0.14134798576174903,0.5895623564720154,0.29921364787418364,0.6341463414634146
E3_DK6,uniform,doorkey6x6,ppo-cf-distilled-uniform,1,0.75,uniform,e3_dk6_uniform_b0p75,MiniGrid-DoorKey-6x6-v0,doorkey6x6_cf,landscape_distill,1.0,0.5,16,0.02,0.64,0.75,750000,1263.1,10988,3360,runs/e3_dk6_uniform_b0p75/seed_1,2026-09-11T16:07:28+0800,c7f5f8c,1.0,10046,0.6048799108735757,3360.0,3360.0,1.0,1.0,0.9537,18.52,0.5282629076391459,0.0181099091350915,0.1278076171875,0.5683644029412144,-0.0057409084110986,0.0009467915242566,597.0,,,,,,,0.0,0.0,0.6905737704918032,0.75,1.0,1.0,1.5209484867665083e-09,3.041350282728672e-09,0.0036602978379264117,0.0097890747711062,0.03990355070904301,0.0603122971951961,1.5209484867665083e-09,3.041350282728672e-09,0.0036602978379264117,0.0097890747711062,0.18602082976333273,0.7334494773519163,0.18602082976333273,0.7334494773519163,0.2928162068505931,0.926829268292683,8359.322404371585,6182.0,41.0,41.0,0.0,0.0,,,,,,,,,0.0024947321514043157,0.0023697972976748,0.0024934618489882775,0.0025061115696344,0.0024947581017775436,0.0023670126015361,0.002469210335191178,0.002929719101175,0.002455204647907375,0.0026049556866538,0.0024694964503773433,0.0029363535306694,0.9344262295081968,1.0,0.002494732148899479,0.0023697973228991,0.0035881289157537566,0.0042846077121794,0.0024692103425116665,0.0029297191649675,0.004145533748192387,0.0054375096224248,,,0.0,0.0,3548.1639344262294,4096.0,7544.0,15006.0,0.0008404621435261271,0.0007187692739535,10.0,10.0,7.866862650803217e-08,1.386797521263361e-07,8.214442071300648e-10,2.954038791358471e-09,0.0070439256826934195,0.003217498306185,0.0070378708130236734,0.0035787031520158,0.0010184690969661037,0.0008618519059382,0.10981896580190556,0.5283378958702087,0.3074770091963215,0.5121951219512195
E3_DK6,uniform,doorkey6x6,ppo-cf-distilled-uniform,2,0.75,uniform,e3_dk6_uniform_b0p75,MiniGrid-DoorKey-6x6-v0,doorkey6x6_cf,landscape_distill,1.0,0.5,16,0.02,0.64,0.75,750000,1548.1,3114,4784,runs/e3_dk6_uniform_b0p75/seed_2,2026-09-11T16:12:12+0800,c7f5f8c,0.99,1535,0.33120873777596294,4784.0,4784.0,0.99,0.99,0.8095749999999999,75.77,1.4817094467580318,0.0067301965755177,0.079345703125,0.7989082535326978,-0.0062648247694596,0.0037867829159949,487.0,,,,,,,0.0,0.0,0.6905737704918032,0.75,1.0,1.0,8.166856286564827e-10,2.211891114711761e-09,0.0013323505696919001,0.0043174116872251,0.04019485239468795,0.0294827334582805,8.166856286564827e-10,2.211891114711761e-09,0.0013323505696919001,0.0043174116872251,0.03167304506768717,0.2560975609756097,0.03167304506768717,0.2560975609756097,0.07956817273090763,0.5365853658536586,8927.185792349726,8024.0,41.0,41.0,0.0,0.0,,,,,,,,,0.0017444858979256711,0.0031608965396117,0.001755966727959148,0.0032407987079151,0.0017442513617864695,0.0031592642581466,0.0013525186847361639,0.0031702448227122,0.0013695310183085142,0.003158146447343,0.0013521711482755395,0.0031704919743764,0.9344262295081968,1.0,0.0017444859055262298,0.0031608964782208,0.0023801437126792758,0.0044597713276743,0.0013525186797102176,0.0031702448613941,0.0022732966650745113,0.0058826822787523,,,0.0,0.0,3548.1639344262294,4096.0,7544.0,15006.0,0.0004640719427031652,0.0012567515019327,10.0,10.0,3.6922133857898e-08,7.718335837125778e-08,3.4208058850659066e-10,1.0622898116707802e-09,0.004889886918200298,0.0180696323513984,0.004814196502041692,0.0180757455527782,0.000558481204051147,0.0012576482258737,-0.000670278751828244,0.1152200251817703,0.21524723443955748,0.3658536585365853
E3_RBD6,active,redbluedoors6x6,ppo-cf-distilled-uncertainty-leverage,0,0.75,uncertainty_leverage,e3_rbd6_active_b0p75,MiniGrid-RedBlueDoors-6x6-v0,redbluedoors6x6_cf,landscape_distill,1.0,0.1,64,0.02,2.56,0.75,1000000,5099.6,3296,11728,runs/e3_rbd6_active_b0p75/seed_0,2026-09-11T20:02:04+0800,c7f5f8c,0.0,65,0.016382063750851567,,,0.02,0.19,0.0,349.8,1.1418131701648235,0.0038752403579565,0.04193115234375,0.4288344226661854,-0.0047230986710928,2.0487968072302465e-05,196.0,,,,,,,0.0,0.0,0.6823770491803278,0.75,1.0,1.0,2.054656626986813e-10,6.639311322942376e-11,0.0006564633153114983,0.0002690319961402,0.028813476552118,0.0215292442589998,2.054656626986813e-10,6.639311322942376e-11,0.0006564633153114983,0.0002690319961402,0.002920260467241659,0.0,0.08497315359570452,0.0108885017421602,0.014294282287085142,0.0,132678.7213114754,146432.0,164.0,164.0,0.9508196721311475,1.0,6.328247356733532e-07,5.070496435493223e-08,1.628613631906889e-06,1.0802035012810537e-07,6.124822619585674e-07,4.953409698238608e-08,1.469414877591205e-06,9.230073061416989e-08,0.0007792111605152606,0.0002568376257388,0.0010883602520521964,0.0003407689813373,0.0007728957082217755,0.00025512303402,0.0006007005935587803,0.0001953560041654,0.0011316071218590198,0.000319417888865,0.0005898549694131376,0.0001928216059229,0.9508196721311475,1.0,0.0007792111666544362,0.000256837636698,0.0010283638057145723,0.0003399341076146,0.0006007006039773705,0.000195355998585,0.0008807387918645591,0.0002713801513891,6.328247369190154e-07,5.0704962006875576e-08,1.0,1.0,3709.6393442622953,4096.0,10168.0,20008.0,0.00035208512232296483,2.8424964148143773e-05,10.0,10.0,6.537367639938977e-09,2.0954757928848267e-09,1.4724588761398126e-10,4.0017766878008836e-11,0.0017965887773392197,0.0012253748718649,0.001651605524382211,0.0011976896785199,0.000496944183456,0.0001559801894472,-0.0010489942882874147,-0.0096883885562419,0.22570971611355456,0.0548780487804878
E3_RBD6,active,redbluedoors6x6,ppo-cf-distilled-uncertainty-leverage,1,0.75,uncertainty_leverage,e3_rbd6_active_b0p75,MiniGrid-RedBlueDoors-6x6-v0,redbluedoors6x6_cf,landscape_distill,1.0,0.1,64,0.02,2.56,0.75,1000000,3841.0,20707,4816,runs/e3_rbd6_active_b0p75/seed_1,2026-09-11T19:26:29+0800,c7f5f8c,1.0,16768,0.5154852732530955,486464.0,642672.0,1.0,1.0,0.9750749999999999,19.94,0.1089488437864929,0.0116794559144182,0.045501708984375,0.8438089812124208,-0.0037060554968775,0.0002949162999357,260.0,,,,,,,0.0,0.0,0.6823770491803278,0.75,1.0,1.0,2.5118116694057626e-09,3.968125383835286e-09,0.004343480757269645,0.00866574421525,0.03201937721660509,0.0674241706728935,2.5118116694057626e-09,3.968125383835286e-09,0.004343480757269645,0.00866574421525,0.39934026389444216,0.9995644599303136,0.5593833895013423,0.9995644599303136,0.5370851659336267,1.0,94676.95081967213,46599.0,164.0,164.0,0.9508196721311475,1.0,5.990174580628405e-06,2.162649462910979e-06,4.145157757131947e-05,3.333763571368408e-05,5.2657513007985145e-06,1.5257912485204972e-06,3.207424963342174e-05,1.8124806956620887e-05,0.002101061016808746,0.0007473887615223,0.004352570156056963,0.0040558355025629,0.002055066061796697,0.0006798021564487,0.0020242231667495017,0.0012832152113002,0.007541967120387817,0.0080354513469856,0.0019115039330179788,0.0011452771537202,0.9508196721311475,1.0,0.0021010610202449004,0.000747388752643,0.003451403213252613,0.0020799157209694,0.0020242231615558966,0.0012832151260226,0.0041179403922229985,0.0038748758379369,5.990174592060894e-06,2.162649479942047e-06,1.0,1.0,3709.6393442622953,4096.0,10168.0,20008.0,0.003668435099133866,0.0021873144200071,10.0,10.0,1.0355362282784062e-07,1.965370586276549e-07,1.3232812441438894e-09,3.3996911952272053e-09,0.01678179842648931,0.0098501518368721,0.015018544495716409,0.0090802758932113,0.004115389779278743,0.0046232598833739,-0.07162301359911923,0.080829232931137,0.24390243902439024,0.2378048780487804
E3_RBD6,active,redbluedoors6x6,ppo-cf-distilled-uncertainty-leverage,2,0.75,uncertainty_leverage,e3_rbd6_active_b0p75,MiniGrid-RedBlueDoors-6x6-v0,redbluedoors6x6_cf,landscape_distill,1.0,0.1,64,0.02,2.56,0.75,1000000,5374.9,4622,5168,runs/e3_rbd6_active_b0p75/seed_2,2026-09-11T21:21:55+0800,c7f5f8c,0.34,518,0.0847955112186203,,,0.42,0.92,0.2717125,142.88,1.0906932428479197,0.0068110781521681,0.088897705078125,0.7401247215439206,-0.004434062517248,0.0035510102097759,186.0,,,,,,,0.0,0.0,0.6823770491803278,0.75,1.0,1.0,4.834248557017418e-10,1.0077201295644043e-09,0.001490357178301482,0.0020634906832128,0.030598972221744798,0.0213350150734186,4.834248557017418e-10,1.0077201295644043e-09,0.001490357178301482,0.0020634906832128,0.040205346432855386,0.070993031358885,0.2166419146627063,0.3906794425087108,0.13244702119152335,0.2317073170731707,120223.83606557376,100700.0,164.0,164.0,0.9508196721311475,1.0,1.7154219293082789e-06,7.702832230090453e-06,6.1490360160222915e-06,4.147286190567595e-05,1.624849842833304e-06,7.012961170449693e-06,4.9241511521421635e-06,2.994604074046947e-05,0.00136140234524281,0.0034275829721082,0.0020318714863949653,0.0059207591267938,0.0013477056662257426,0.003376651122411,0.0011556430328316751,0.0020792574475496,0.0024563299534370938,0.0071680665799848,0.0011290719497500537,0.0019753007089199,0.9508196721311475,1.0,0.0013614023413478084,0.0034275827929377,0.0018690039497250017,0.0051004150882363,0.0011556430273215494,0.0020792575087398,0.0018340512894505676,0.0034929648973047,1.715421949836974e-06,7.702832590439357e-06,1.0,1.0,3709.6393442622953,4096.0,10168.0,20008.0,0.0017750380206872315,0.0053766604047268,10.0,10.0,3.7397228075659485e-08,8.55652615427971e-08,2.774879051491448e-10,8.330971468240023e-10,0.008919309524124525,0.0168195385485887,0.008549226845374102,0.0154567873105406,0.0011786607401368706,0.0038905455730855,-0.020324493769831097,-0.0760463997721672,0.21021591363454617,0.2317073170731707
E3_RBD6,uncertainty,redbluedoors6x6,ppo-cf-distilled-uncertainty,0,0.75,uncertainty,e3_rbd6_uncertainty_b0p75,MiniGrid-RedBlueDoors-6x6-v0,redbluedoors6x6_cf,landscape_distill,1.0,0.1,64,0.02,2.56,0.75,1000000,5177.9,4352,11728,runs/e3_rbd6_uncertainty_b0p75/seed_0,2026-09-11T18:37:05+0800,c7f5f8c,0.32,386,0.06215654375085158,,,0.37,0.98,0.2647,112.63,1.1124156303703785,0.0056304800600628,0.073577880859375,0.7533389668635864,-0.0036351886374177,0.0041703108799993,193.0,,,,,,,0.0,0.0,0.6823770491803278,0.75,1.0,1.0,3.6367114784089146e-10,1.5716068446636202e-09,0.0011236827284265161,0.0026430455036461,0.026501729901208217,0.0188535563647747,3.6367114784089146e-10,1.5716068446636202e-09,0.0011236827284265161,0.0026430455036461,0.03697092591534811,0.4804006968641115,0.1259781801565088,0.4934668989547038,0.10345861655337861,0.8536585365853658,132939.29508196723,110177.0,164.0,164.0,0.9508196721311475,1.0,0.0009943213954898,0.0016922926850355,0.0017511235261503848,0.0027567636173377,0.000978861062975069,0.0016705471403298,0.0016569903263910033,0.0026371232233941,0.0010537495020201408,0.0016922926850355,0.0017733017873430492,0.0027567636173377,0.0010390501279801706,0.0016705471403298,0.0008459150379968245,0.0021705495977784,0.001094129755614,0.0023808685949827,0.0008408443835761425,0.0021662530960916,0.9508196721311475,1.0,0.0010537495025524654,0.0016922927461564,0.0014273056447444425,0.0023606549948453,0.0008459150357950034,0.0021705494727939,0.0013078886492665885,0.0035074050538241,0.0009943213913958483,0.0016922927461564,1.0,1.0,3709.6393442622953,4096.0,10168.0,20008.0,0.000894945828908654,0.0029732371447607,10.0,10.0,3.0064197222809076e-08,1.093139871954918e-07,1.7286363233369393e-10,6.348273018375038e-10,0.006037973409488021,0.0254128817468881,0.005939743176224735,0.0251660458743572,0.000481297177086977,0.0010618424275889,-0.0015106769774841915,-0.0485387109220027,0.18932427029188323,0.298780487804878
E3_RBD6,uncertainty,redbluedoors6x6,ppo-cf-distilled-uncertainty,1,0.75,uncertainty,e3_rbd6_uncertainty_b0p75,MiniGrid-RedBlueDoors-6x6-v0,redbluedoors6x6_cf,landscape_distill,1.0,0.1,64,0.02,2.56,0.75,1000000,4258.6,12006,4816,runs/e3_rbd6_uncertainty_b0p75/seed_1,2026-09-11T18:22:28+0800,c7f5f8c,1.0,6789,0.2966953532530955,767072.0,834560.0,1.0,1.0,0.9715125,22.79,0.1669418318197131,0.0139236024115234,0.06256103515625,0.7868335325835021,-0.0027903935988433,0.0005073859792901,234.0,,,,,,,0.0,0.0,0.6823770491803278,0.75,1.0,1.0,1.3319028066242205e-09,4.7486992116319016e-09,0.003181346548057005,0.0094497706741094,0.03011970975069844,0.0834844261407852,1.3319028066242205e-09,4.7486992116319016e-09,0.003181346548057005,0.0094497706741094,0.29011252641800417,0.9908536585365854,0.44163763066202083,0.9912891986062716,0.4224310275889644,0.9939024390243902,107342.7868852459,42126.0,164.0,164.0,0.9508196721311475,1.0,0.0019963398138654383,0.0011220164337206,0.003861401331225842,0.0047828595029053,0.001958239404193403,0.0010472309001698,0.003634187082382645,0.0042553767561912,0.0020430817668814984,0.0011220164337206,0.0038164147375978953,0.0047828595029053,0.002006855233847433,0.0010472309001698,0.00217955734311457,0.0023335221050615,0.0038931218992363198,0.0088131154770962,0.0021445517891529454,0.0022011537302466,0.9508196721311475,1.0,0.002043081760467515,0.0011220164597034,0.0029712044214065983,0.0024386350996792,0.0021795573239748573,0.0023335220757871,0.0040035641859056,0.0055851326324045,0.0019963398045891845,0.0011220164597034,1.0,1.0,3709.6393442622953,4096.0,10168.0,20008.0,0.0025750420374993778,0.0033907648641616,10.0,10.0,7.931040555809349e-08,1.5703881217632445e-07,5.95496955935739e-10,2.1209416445344687e-09,0.012826836143131702,0.0132393892854452,0.012415606330041955,0.0113884583115577,0.0020555904732451674,0.0052975481376051,0.03986902825570604,0.1726792305707931,0.23220711715313874,0.5426829268292683
E3_RBD6,uncertainty,redbluedoors6x6,ppo-cf-distilled-uncertainty,2,0.75,uncertainty,e3_rbd6_uncertainty_b0p75,MiniGrid-RedBlueDoors-6x6-v0,redbluedoors6x6_cf,landscape_distill,1.0,0.1,64,0.02,2.56,0.75,1000000,9357.0,3122,5168,runs/e3_rbd6_uncertainty_b0p75/seed_2,2026-09-11T19:52:20+0800,c7f5f8c,0.0,69,0.01844119121862031,,,0.01,0.09,0.0,370.02,0.3683814173564315,0.0029014940337219,0.041595458984375,0.4209808031280012,-0.0028030351422785,1.861920836176978e-05,106.0,,,,,,,0.0,0.0,0.6823770491803278,0.75,1.0,1.0,5.981607340591374e-10,5.482974074766388e-10,0.0016448668177529212,0.0014027702854946,0.039684275745368355,0.016529431566596,5.981607340591374e-10,5.482974074766388e-10,0.0016448668177529212,0.0014027702854946,0.0056548809047809205,0.0,0.06264637002341916,0.0418118466898954,0.026389444222311056,0.0,135166.0,142119.0,164.0,164.0,0.9508196721311475,1.0,0.0006070081604090982,0.0001172122665058,0.0011780529793778362,0.0003898924246086,0.0005953425711825381,0.0001116418198281,0.001109062477942221,0.0003562207275535,0.0006941500578909,0.0001172122665058,0.0012366986818448278,0.0003898924246086,0.0006830666031912984,0.0001116418198281,0.0006739608890189343,0.0001682109072138,0.0009027102906347133,0.0002524249424068,0.0006692878818110427,0.0001664905407749,0.9508196721311475,1.0,0.0006941500603894605,0.0001172122720163,0.0010067121723101459,0.0002803144743666,0.0006739608900521754,0.0001682109141256,0.0010587888064633381,0.0002544185263104,0.0006070081597436515,0.0001172122720163,1.0,1.0,3709.6393442622953,4096.0,10168.0,20008.0,0.00043686218665747663,2.695787338780065e-05,10.0,10.0,8.750445031592625e-09,3.552941052475944e-09,2.3435283586221604e-10,4.0506620280211786e-10,0.001887113109257659,0.0004381879116408,0.0017564951930744243,0.000416330731241,0.00038855337095537805,7.447527605108917e-05,-0.005293534483990083,-0.1617005318403244,0.20481807277089162,0.1280487804878048
E3_RBD6,uniform,redbluedoors6x6,ppo-cf-distilled-uniform,0,0.75,uniform,e3_rbd6_uniform_b0p75,MiniGrid-RedBlueDoors-6x6-v0,redbluedoors6x6_cf,landscape_distill,1.0,0.1,64,0.02,2.56,0.75,1000000,5062.4,3632,11728,runs/e3_rbd6_uniform_b0p75/seed_0,2026-09-11T17:10:47+0800,c7f5f8c,0.05,153,0.03955990375085157,,,0.31,0.41,0.035075,294.63,1.2526465132832527,0.0045614150185429,0.05230712890625,0.433385213516656,-0.0019875399884767,0.0003895213858413,197.0,,,,,,,0.0,0.0,0.6823770491803278,0.75,1.0,1.0,4.6359628704223844e-10,6.83940015733242e-10,0.0012031217891966788,0.0009777704253792,0.02873678436716556,0.0168577693402767,4.6359628704223844e-10,6.83940015733242e-10,0.0012031217891966788,0.0009777704253792,0.010353001656480225,0.0148083623693379,0.1033515165362426,0.1084494773519163,0.042682926829268254,0.073170731707317,130726.01639344262,129083.0,164.0,164.0,0.0,0.0,,,,,,,,,0.0009328850163083311,0.0009968142184,0.0009357297520913492,0.0009812642995867,0.0009328269026226821,0.0009971318799203,0.0008478643432624311,0.0006528324067414,0.0008449347451259671,0.0006412386823418,0.0008479241905586852,0.0006530692491431,0.9508196721311475,1.0,0.0009328850261584133,0.0009968142258003,0.0012799488098100523,0.0013832153053954,0.0008478643535826788,0.0006528324447572,0.0013970314080399015,0.0011872117174789,,,0.0,0.0,3709.6393442622953,4096.0,10168.0,20008.0,0.0004820592421094161,0.0003054397864616,10.0,10.0,2.3977525655318162e-08,3.4362756196060225e-08,3.5626472992112584e-10,6.693881005048752e-10,0.00214584290286613,0.0017073478084057,0.0020498447928894033,0.0016239304095506,0.00033711037215901633,0.000260344473645,-0.0002884539168664019,0.0422811172902584,0.21011595361855254,0.1402439024390244
E3_RBD6,uniform,redbluedoors6x6,ppo-cf-distilled-uniform,1,0.75,uniform,e3_rbd6_uniform_b0p75,MiniGrid-RedBlueDoors-6x6-v0,redbluedoors6x6_cf,landscape_distill,1.0,0.1,64,0.02,2.56,0.75,1000000,5104.0,3380,4816,runs/e3_rbd6_uniform_b0p75/seed_1,2026-09-11T17:11:29+0800,c7f5f8c,0.0,114,0.025553513253095458,,,0.04,0.19,0.0,347.52,0.820118160918355,0.0056846686275093,0.0784912109375,0.6394601264914699,-0.0026930916501441,1.5747857560199918e-05,196.0,,,,,,,0.0,0.0,0.6823770491803278,0.75,1.0,1.0,3.03213978515457e-10,3.2355274015571917e-10,0.0008989716775058312,0.0003999772889073,0.03893474709685338,0.0282062236219644,3.03213978515457e-10,3.2355274015571917e-10,0.0008989716775058312,0.0003999772889073,0.008318101330896195,0.0,0.07487005197920828,0.0091463414634146,0.03268692522990801,0.0,131341.19672131148,137127.0,164.0,164.0,0.0,0.0,,,,,,,,,0.0009978767956190166,0.0001804437564123,0.0009954220801858015,0.0001852158819951,0.0009979269417738539,0.0001803462690436,0.0007631705826551066,0.0001823183436799,0.0007614592560544263,0.0001940605909068,0.0007632055424909984,0.0001820784671795,0.9508196721311475,1.0,0.000997876807365931,0.0001804437488317,0.0013622171503155376,0.0002898706297855,0.0007631705838186395,0.0001823183556552,0.0011861234267344836,0.0002821474045049,,,0.0,0.0,3709.6393442622953,4096.0,10168.0,20008.0,0.000556785429120124,3.2681623451935597e-06,10.0,10.0,1.4081776065793628e-08,1.4624674804508684e-09,1.8837909010471776e-10,1.200533006340265e-10,0.0019025406367230865,0.0001451513817301,0.0018214673070106823,0.0001078128625522,0.0002847578914832836,6.637386104557663e-05,0.015926047457290465,0.0609583519399166,0.1795281887245102,0.1341463414634146
E3_RBD6,uniform,redbluedoors6x6,ppo-cf-distilled-uniform,2,0.75,uniform,e3_rbd6_uniform_b0p75,MiniGrid-RedBlueDoors-6x6-v0,redbluedoors6x6_cf,landscape_distill,1.0,0.1,64,0.02,2.56,0.75,1000000,5396.9,23730,5168,runs/e3_rbd6_uniform_b0p75/seed_2,2026-09-11T17:16:21+0800,c7f5f8c,1.0,20986,0.5019220712186203,541840.0,620656.0,1.0,1.0,0.9801875,15.85,0.050280355499126,0.0060454398444562,0.02459716796875,0.9230123701393846,0.0025058664541575,7.727701040494139e-05,185.0,,,,,,,0.0,0.0,0.6823770491803278,0.75,1.0,1.0,1.5396101224519601e-09,2.03510497343018e-09,0.0031263807303744968,0.005722074303776,0.024567902866811986,0.0186132490634918,1.5396101224519601e-09,2.03510497343018e-09,0.0031263807303744968,0.005722074303776,0.44355829096932653,0.993466898954704,0.533151025304164,0.993466898954704,0.5324870051979209,1.0,87715.77049180328,26665.0,164.0,164.0,0.0,0.0,,,,,,,,,0.0015805155325333195,0.0002464173096636,0.0015723948664789359,0.0002773634973309,0.0015806814255618278,0.0002457851254611,0.0013772519213852872,0.0002638178443996,0.0013719081292821885,0.0002727376470763,0.0013773610870435938,0.0002636356262084,0.9508196721311475,1.0,0.0015805155343230606,0.0002464173012413,0.0023290382757339633,0.0005513582145795,0.0013772519085876362,0.0002638178411871,0.0023899844401042264,0.0005102201248519,,,0.0,0.0,3709.6393442622953,4096.0,10168.0,20008.0,0.0018999195808705814,6.820241233072011e-05,10.0,10.0,1.201562850673938e-07,2.317702296750213e-07,1.0308650108400485e-09,1.439680374915042e-09,0.00827335480461751,0.000752767547965,0.00817149076524918,0.0007047317340038,0.000555630498906822,5.885701830266044e-05,0.06902721022889322,0.1521035730838775,0.2921831267493002,0.3963414634146341
E3_TAXI,active,taxi,ppo-cf-distilled-uncertainty-leverage,0,0.75,uncertainty_leverage,e3_taxi_active_b0p75,Taxi-v4,taxi_cf,landscape_distill,1.0,0.5,32,0.02,1.28,0.75,1000000,411.0,6086,50832,runs/e3_taxi_active_b0p75/seed_0,2026-09-11T16:06:51+0800,c7f5f8c,0.55,2314,0.32910976000000003,492448.0,,0.0,0.0,-144.06,142.11,0.7116422168910503,7.992639439180493e-09,0.0,0.3928284467697738,-0.0006510421517305,173.44897317886353,2463.0,,,,,,,0.0,0.0,0.7069672131147541,0.75,1.0,1.0,3.3208197401407113e-07,3.650784492492676e-07,1.574955975330176,1.7849315404891968,0.05566573584966117,0.026780167594552,3.3208197401407113e-07,3.650784492492676e-07,1.574955975330176,1.7849315404891968,1.0,1.0,0.05919569672131147,0.1,1.0,1.0,7470.520491803279,7434.0,20.0,20.0,0.9467213114754098,1.0,0.0328840659343035,0.0273349039380264,0.07379416644711041,0.0814662929624319,0.03206912369301252,0.0262565894156278,0.0659689275032812,0.0642670318484306,0.03242472244254209,0.0418508922830369,0.05092625997237858,0.0609481966122984,0.032056165918043354,0.0414704678940078,0.8717892589067567,0.6802424904308282,1.2772012275529407,1.3379845917224884,0.8637133232763546,0.6671400581341815,0.9467213114754098,1.0,0.03242472251130504,0.0418508946895599,0.04380343784387295,0.0560569986701011,0.8717892576221589,0.6802425384521484,1.1096223809262051,0.9394928812980652,0.03288406595482902,0.0273349024355411,1.0,1.0,3670.44262295082,4096.0,9780.0,19520.0,16.190055445679388,16.783325481414796,10.0,10.0,1.3854371796010948e-05,1.1295080184936523e-05,2.2163688105943263e-07,2.7567148208618164e-07,0.6850445732840749,0.2185036391019821,0.8385204983050706,0.2187097370624542,0.2812388837978613,0.255168467760086,0.7727888140628939,0.672153651714325,0.11567622950819674,0.2
E3_TAXI,active,taxi,ppo-cf-distilled-uncertainty-leverage,1,0.75,uncertainty_leverage,e3_taxi_active_b0p75,Taxi-v4,taxi_cf,landscape_distill,1.0,0.5,32,0.02,1.28,0.75,1000000,449.7,6892,8848,runs/e3_taxi_active_b0p75/seed_1,2026-09-11T16:08:47+0800,c7f5f8c,0.76,3194,0.3943239341198792,455136.0,,0.0,0.0,-85.92,93.33,0.5226059760898352,4.915364115731791e-08,0.0,0.4361577878247531,0.0004061423824168,319.0358142852783,2250.0,,,,,,,0.0,0.0,0.7069672131147541,0.75,1.0,1.0,3.518443918437697e-07,5.960464477539062e-07,1.4178275707015362,1.740601658821106,0.042637412412808676,0.0226272474974393,3.518443918437697e-07,5.960464477539062e-07,1.4178275707015362,1.740601658821106,1.0,1.0,0.1740351775956284,0.525,1.0,1.0,6914.303278688524,5404.0,20.0,20.0,0.9467213114754098,1.0,0.029396891537269456,0.0227282691143955,0.0801800264414622,0.0915909085422754,0.02838527530411821,0.0213565033887405,0.06372344478903318,0.0754362642765045,0.033520081505504375,0.0391055602849519,0.05211154761799077,0.0605958055704832,0.033149733574976754,0.0386774677493835,0.7432218389306937,0.5697873945900938,1.3477879859246609,1.5428441643714903,0.7311786885921684,0.5504037935984325,0.9467213114754098,1.0,0.033520081554029905,0.0391055606305599,0.044797413468362766,0.0531480461359024,0.74322183889272,0.5697873830795288,0.9623732524148674,0.9356522560119628,0.02939689158158598,0.022728269919753,1.0,1.0,3670.44262295082,4096.0,9780.0,19520.0,20.65618342559357,24.505774402618407,10.0,10.0,1.281800610204151e-05,1.0721385478973389e-05,2.516907309162904e-07,5.885958671569824e-07,0.90215798155939,0.3920194208621979,1.0564122135888359,0.4803608953952789,0.3556481366642521,0.4224351346492767,0.7200593764074986,0.8323780298233032,0.20645491803278687,0.75
E3_TAXI,active,taxi,ppo-cf-distilled-uncertainty-leverage,2,0.75,uncertainty_leverage,e3_taxi_active_b0p75,Taxi-v4,taxi_cf,landscape_distill,1.0,0.5,32,0.02,1.28,0.75,1000000,593.7,6704,5904,runs/e3_taxi_active_b0p75/seed_2,2026-09-11T16:15:15+0800,c7f5f8c,0.63,2969,0.3691814925847559,471424.0,,0.0,0.0,-110.76,114.81,0.486966535449028,5.044967110734433e-09,0.0,0.3185853946314947,0.0001857635215856,264.55364418029785,1696.0,,,,,,,0.0,0.0,0.7069672131147541,0.75,1.0,1.0,3.430712121237283e-07,2.761371433734894e-07,1.360271081663921,1.3361908197402954,0.04616124827493948,0.0162387266755104,3.430712121237283e-07,2.761371433734894e-07,1.360271081663921,1.3361908197402954,1.0,1.0,0.13515198087431693,0.1416666666666666,1.0,1.0,7136.288934426229,7195.0,20.0,20.0,0.9467213114754098,1.0,0.02788918462792485,0.0177293486801772,0.07685906734098061,0.0674626136198639,0.026913688956350035,0.0167386461913389,0.06508779887521224,0.0474397111684083,0.03045933267782042,0.0360608408200278,0.05499221667403195,0.0593342063948512,0.02997062980936999,0.0355972279599715,0.7450972483224635,0.4893743839929811,1.2586962386383316,1.2057103097438813,0.734866192738482,0.4751047440377839,0.9467213114754098,1.0,0.030459332661669784,0.0360608398914337,0.04127342856324991,0.0465070158243179,0.7450972496983729,0.4893743395805359,0.9517771118725116,0.5868018865585327,0.027889184628056868,0.0177293494343757,1.0,1.0,3670.44262295082,4096.0,9780.0,19520.0,17.006016532582095,10.492796087265017,10.0,10.0,1.3288170133610485e-05,9.991228580474854e-06,2.2210963938736403e-07,1.341104507446289e-07,0.7998408967262653,0.3702935874462127,0.9358884497377716,0.4697494506835937,0.32154344864155987,0.3105411529541015,0.7129072558142429,0.6405881643295288,0.3851434426229508,0.4
E3_TAXI,uncertainty,taxi,ppo-cf-distilled-uncertainty,0,0.75,uncertainty,e3_taxi_uncertainty_b0p75,Taxi-v4,taxi_cf,landscape_distill,1.0,0.5,32,0.02,1.28,0.75,1000000,405.9,5905,50832,runs/e3_taxi_uncertainty_b0p75/seed_0,2026-09-11T16:00:00+0800,c7f5f8c,0.53,2150,0.33014144,471968.0,,0.0,0.0,-163.82,159.02,0.6790574193000793,9.037648851517588e-09,0.0,0.5253027016953455,0.0004384447092888,141.96000051498413,2491.0,,,,,,,0.0,0.0,0.7069672131147541,0.75,1.0,1.0,3.5342638332875764e-07,4.246830940246582e-07,1.733571524501489,1.4034618139266968,0.05571868010132463,0.0316960215568542,3.5342638332875764e-07,4.246830940246582e-07,1.733571524501489,1.4034618139266968,1.0,1.0,0.09990607923497266,0.05,1.0,1.0,7295.3422131147545,7500.0,20.0,20.0,0.9467213114754098,1.0,0.03664596697039776,0.040732811552516,0.06288878634426884,0.077298891171813,0.03612320164422502,0.0400044035919723,0.057595969092310455,0.0717687092721462,0.03488556675664077,0.040732811552516,0.059726042498756376,0.077298891171813,0.03439073656257472,0.0400044035919723,0.9423293623147282,0.5969862339443353,1.1500477942126903,0.8311518222093582,0.9381915449462429,0.5923215807916455,0.9467213114754098,1.0,0.03488556678980856,0.0407328121364116,0.04710687596931072,0.0579572059214115,0.9423293581567123,0.5969862937927246,1.2846639367349095,2.120158433914185,0.036645967005328656,0.0407328121364116,1.0,1.0,3670.44262295082,4096.0,9780.0,19520.0,24.898923662481984,29.69071807861328,10.0,10.0,1.3170742857285211e-05,1.5117228031158447e-05,2.1902087610214949e-07,2.384185791015625e-07,0.8647911186162077,0.9520629048347472,0.9778100224059136,0.9329306483268738,0.2588491969253199,0.2378990203142166,0.6930364326223947,0.4855502247810364,0.21875,0.5
E3_TAXI,uncertainty,taxi,ppo-cf-distilled-uncertainty,1,0.75,uncertainty,e3_taxi_uncertainty_b0p75,Taxi-v4,taxi_cf,landscape_distill,1.0,0.5,32,0.02,1.28,0.75,1000000,444.1,7813,8848,runs/e3_taxi_uncertainty_b0p75/seed_1,2026-09-11T16:01:17+0800,c7f5f8c,0.78,4221,0.44534177411987924,420992.0,,0.0,0.0,-79.29,89.73,0.2600748231634497,1.9099388737231493e-11,0.0,0.454960652922317,0.000741638476029,271.85744857788086,2277.0,,,,,,,0.0,0.0,0.7069672131147541,0.75,1.0,1.0,3.6115283156042826e-07,4.620524123311043e-07,1.2431911637706703,1.7026959657669067,0.037122435991835484,0.0229742433875799,3.6115283156042826e-07,4.620524123311043e-07,1.2431911637706703,1.7026959657669067,1.0,1.0,0.23072062841530053,0.6625,1.0,1.0,6771.7786885245905,5335.0,20.0,20.0,0.9467213114754098,1.0,0.03248918780874134,0.047088322806303,0.06855006976732456,0.1440193094313144,0.03177084354661817,0.0451574266583944,0.05676611750326176,0.096238138526678,0.03094800292185825,0.047088322806303,0.0650889661504942,0.1440193094313144,0.030267904052761908,0.0451574266583944,0.6252813150883108,0.4561642152693821,1.0772254697519545,1.4549062222242355,0.6162784434814652,0.4362689561666958,0.9467213114754098,1.0,0.030948002946984784,0.0470883250236511,0.03907026753872514,0.0488042756915092,0.6252813146356112,0.4561641812324524,0.9283757687259568,0.8422293663024902,0.032489187836050294,0.0470883250236511,1.0,1.0,3670.44262295082,4096.0,9780.0,19520.0,31.317169947213813,45.72464847564697,10.0,10.0,1.091631446663504e-05,1.5307217836380005e-05,2.083703949494043e-07,2.086162567138672e-07,1.137395990829243,2.652415037155152,1.2337963665362264,2.8033556938171387,0.31806592379602916,0.5148953199386597,0.56815629630716,0.5811396837234497,0.20706967213114755,0.6
E3_TAXI,uncertainty,taxi,ppo-cf-distilled-uncertainty,2,0.75,uncertainty,e3_taxi_uncertainty_b0p75,Taxi-v4,taxi_cf,landscape_distill,1.0,0.5,32,0.02,1.28,0.75,1000000,544.8,13834,5904,runs/e3_taxi_uncertainty_b0p75/seed_2,2026-09-11T16:05:21+0800,c7f5f8c,0.83,10277,0.549553812584756,359824.0,584928.0,0.0,0.0,-28.61,45.14,0.115323529113084,1.4870465747662822e-08,0.0,0.9265953498046358,2.528971526771784e-05,87.80241537094116,1852.0,,,,,,,0.0,0.0,0.7069672131147541,0.75,1.0,1.0,4.45273767060125e-07,5.895271897315979e-07,1.688592280795226,2.4271955490112305,0.051264213343946693,0.0246626995503902,4.45273767060125e-07,5.895271897315979e-07,1.688592280795226,2.4271955490112305,1.0,1.0,0.4102800546448087,0.7,1.0,1.0,5726.350409836065,4416.0,20.0,20.0,0.9467213114754098,1.0,0.02425331973833653,0.0163883413624716,0.06276430552724534,0.0439292532391846,0.023486168627003687,0.0158397176199076,0.05310886163119368,0.0324423797428607,0.023154933283301857,0.0163883413624716,0.05961523903684698,0.0439292532391846,0.02242863237187666,0.0158397176199076,0.5848824206171759,0.3997324008960277,0.9600914831457065,0.6391472205519676,0.5774081365030617,0.3949631813809691,0.9467213114754098,1.0,0.02315493325569727,0.0163883417844772,0.0344195778235472,0.0183673743158578,0.5848824215390181,0.3997324109077453,0.8415262468548522,0.6193529367446899,0.024253319708017577,0.0163883417844772,1.0,1.0,3670.44262295082,4096.0,9780.0,19520.0,23.75767923594743,2.665950745344162,10.0,10.0,1.038884320372685e-05,1.2911856174468994e-05,2.393326660060919e-07,5.457550287246704e-07,0.9828610379157252,0.1381252110004425,1.0818258310271214,0.1301877796649933,0.2984110245117455,0.130794957280159,0.5374241818427719,0.6061950325965881,0.2733606557377049,0.55
E3_TAXI,uniform,taxi,ppo-cf-distilled-uniform,0,0.75,uniform,e3_taxi_uniform_b0p75,Taxi-v4,taxi_cf,landscape_distill,1.0,0.5,32,0.02,1.28,0.75,1000000,409.6,5447,50832,runs/e3_taxi_uniform_b0p75/seed_0,2026-09-11T15:53:14+0800,c7f5f8c,0.31,1008,0.16334504000000002,784384.0,,0.0,0.0,-193.09,170.53,1.116492696106434,5.755282472819091e-09,0.0,0.7146790338456361,-0.0010391796240583,101.85353994369508,2504.0,,,,,,,0.0,0.0,0.7069672131147541,0.75,1.0,1.0,3.8720093873619544e-07,6.556510925292969e-07,2.114511990704651,2.9887170791625977,0.1013781991638157,0.1045991256833076,3.8720093873619544e-07,6.556510925292969e-07,2.114511990704651,2.9887170791625977,1.0,1.0,0.03853312841530053,0.0958333333333333,1.0,1.0,7513.2192622950815,7297.0,20.0,20.0,0.0,0.0,,,,,,,,,0.03245677366094477,0.0335289993254264,0.03248650152546938,0.0397567249834537,0.032456181472408425,0.033404941045386,1.3561539151968176,1.5496307521825656,1.3528101939673909,1.771862080693245,1.3562205231894355,1.5452038332879303,0.9467213114754098,1.0,0.0324567736895348,0.0335289984941482,0.04866389117440295,0.0593254826962947,1.3561539184758926,1.5496307611465454,1.8074311087925186,3.666983842849731,,,0.0,0.0,3670.44262295082,4096.0,9780.0,19520.0,17.618515350168845,24.723675155639647,10.0,10.0,1.749229654035203e-05,1.6495585441589355e-05,2.8736430380615545e-07,6.854534149169922e-07,0.5670288686304674,0.4991324841976166,0.7733682196159832,0.6747825741767883,0.28570895191952617,0.3053664565086365,0.778290536743207,0.7572641372680664,0.25625,0.2
E3_TAXI,uniform,taxi,ppo-cf-distilled-uniform,1,0.75,uniform,e3_taxi_uniform_b0p75,Taxi-v4,taxi_cf,landscape_distill,1.0,0.5,32,0.02,1.28,0.75,1000000,447.9,8228,8848,runs/e3_taxi_uniform_b0p75/seed_1,2026-09-11T15:53:52+0800,c7f5f8c,0.77,4553,0.4492021741198793,404560.0,,0.0,0.0,-72.98,80.15,0.4133458249270916,2.196975401602685e-08,0.0,0.707086872153271,-0.003187337424606,355.5285987854004,2281.0,,,,,,,0.0,0.0,0.7069672131147541,0.75,1.0,1.0,4.679958959088969e-07,7.7858567237854e-07,3.065047126459354,6.3516716957092285,0.061173799971464916,0.072447769343853,4.679958959088969e-07,7.7858567237854e-07,3.065047126459354,6.3516716957092285,1.0,1.0,0.15764173497267758,0.3416666666666667,1.0,1.0,6928.702868852459,5896.0,20.0,20.0,0.0,0.0,,,,,,,,,0.03197287083871908,0.037973481001245,0.031902503948940154,0.0393508478067815,0.03197427256959117,0.0379460434154774,1.2579781165972814,1.8147265148872973,1.2619594478366647,1.4740086629986764,1.257898807210043,1.8215137230922505,0.9467213114754098,1.0,0.031972871003834655,0.0379734821617603,0.04635738137251594,0.060425903648138,1.2579781171955458,1.81472647190094,1.936135993574576,3.016275644302368,,,0.0,0.0,3670.44262295082,4096.0,9780.0,19520.0,26.271169007606193,36.30438766479492,10.0,10.0,1.3755732712137406e-05,1.3984739780426024e-05,3.512143803909268e-07,7.972121238708496e-07,0.718977120735484,0.5065408945083618,0.7825509371449713,0.5300425291061401,0.25392259275019463,0.2023507356643676,0.629008258619445,0.3949478268623352,0.2242827868852459,0.25
E3_TAXI,uniform,taxi,ppo-cf-distilled-uniform,2,0.75,uniform,e3_taxi_uniform_b0p75,Taxi-v4,taxi_cf,landscape_distill,1.0,0.5,32,0.02,1.28,0.75,1000000,591.2,6851,5904,runs/e3_taxi_uniform_b0p75/seed_2,2026-09-11T15:56:15+0800,c7f5f8c,0.68,2968,0.35276077258475597,520544.0,,0.0,0.0,-100.0,106.45,0.7791369073092937,4.278263077139854e-09,0.0,0.4830654756321163,-0.00037348177284,274.1581220626831,1722.0,,,,,,,0.0,0.0,0.7069672131147541,0.75,1.0,1.0,4.294281366202965e-07,7.82310962677002e-07,2.361013270211888,6.191362380981445,0.06829733953650914,0.0725466981530189,4.294281366202965e-07,7.82310962677002e-07,2.361013270211888,6.191362380981445,1.0,1.0,0.11413934426229506,0.2916666666666667,1.0,1.0,7173.602459016393,6105.0,20.0,20.0,0.0,0.0,,,,,,,,,0.03163052439209359,0.0328917020260632,0.03173573808294271,0.0376055871136486,0.03162842850183763,0.032797799932685,1.1591394380446747,1.9104875916964372,1.1579141542070845,1.971354877948761,1.1591638460892482,1.9092750959543592,0.9467213114754098,1.0,0.031630524297814475,0.0328917056322097,0.045496708174335314,0.0380484610795974,1.1591394438432647,1.9104875326156616,1.7029689352035706,3.0269126892089844,,,0.0,0.0,3670.44262295082,4096.0,9780.0,19520.0,23.070749880813185,26.39528007507324,10.0,10.0,1.4497958068577496e-05,1.0535120964050291e-05,3.102651418408104e-07,7.152557373046875e-07,0.6682312516648261,0.4300492703914642,0.8044050818339723,0.5293921232223511,0.22402524330802825,0.2800597846508026,0.6812321459072963,0.7260854840278625,0.200922131147541,0.25
E3_UNLOCKPICKUP,active,unlockpickup,ppo-cf-distilled-uncertainty-leverage,0,0.75,uncertainty_leverage,e3_unlockpickup_active_b0p75,MiniGrid-UnlockPickup-v0,unlockpickup_cf,landscape_distill,1.0,0.5,64,0.02,2.56,0.75,1500000,4469.0,44571,55072,runs/e3_unlockpickup_active_b0p75/seed_0,2026-09-11T20:11:44+0800,c7f5f8c,0.99,42766,0.7326594666666668,393312.0,424592.0,1.0,1.0,0.92234375,24.53,0.8514734525233507,0.0127650579042892,0.153076171875,0.979600305132983,-0.0154216572991572,0.0004825820160476,335.0,,,,,,,0.0,0.0,0.7202868852459017,0.75,1.0,1.0,4.712556348794515e-09,5.587935447692871e-09,0.013692855979684858,0.0166707336902618,0.16407659590941512,0.1182477846741676,4.712556348794515e-09,5.587935447692871e-09,0.013692855979684858,0.0166707336902618,0.5721758915481425,0.5749128919860628,0.5721758915481425,0.5749128919860628,0.7190457150473144,0.6829268292682927,15445.308743169398,12705.0,41.0,41.0,0.9672131147540983,1.0,3.434455861812571e-05,2.9751360247853853e-05,0.00017194372118811203,0.0001155299527809,3.153361409128472e-05,2.7999032248922432e-05,0.00015203510004325085,9.163569484371692e-05,0.004946853625063246,0.0055706950390685,0.005113956243511173,0.0052550954392134,0.0049434399691806515,0.0055771422655728,0.006710408479094963,0.0078403462470078,0.04167001211999366,0.0496329316051631,0.005996236207407444,0.006986586406607,0.9672131147540983,1.0,0.004946853632337612,0.0055706952698528,0.00778465735970335,0.0101448958739638,0.006710408466500362,0.007840346544981,0.009123573985581793,0.0102000199258327,3.4344558796123944e-05,2.9751359761576168e-05,1.0,1.0,3822.0819672131147,4096.0,15047.0,30012.0,0.0012603061919355253,0.0004929162649204,10.0,10.0,8.199413137283513e-08,1.0320218279957773e-07,4.26419138008394e-09,5.740730557590723e-09,0.007005528370894906,0.0031218735966831,0.01107302325306318,0.0079540340229868,0.007435029389112732,0.0074512106366455,0.546869938645405,0.7413617372512817,0.6410769025723043,0.7317073170731707
E3_UNLOCKPICKUP,active,unlockpickup,ppo-cf-distilled-uncertainty-leverage,1,0.75,uncertainty_leverage,e3_unlockpickup_active_b0p75,MiniGrid-UnlockPickup-v0,unlockpickup_cf,landscape_distill,1.0,0.5,64,0.02,2.56,0.75,1500000,4365.4,42355,113632,runs/e3_unlockpickup_active_b0p75/seed_1,2026-09-11T20:09:31+0800,c7f5f8c,1.0,40731,0.7674309866666666,333776.0,373456.0,1.0,1.0,0.9347812499999999,20.87,0.5976183265447617,0.0147897977062712,0.1055908203125,0.8704880021337188,-0.0265801064379047,0.0002120994845427,343.0,,,,,,,0.0,0.0,0.7202868852459017,0.75,1.0,1.0,4.523052834517325e-09,6.5192580223083504e-09,0.0117025204613401,0.0187131110578775,0.14319884025013388,0.2129654735326767,4.523052834517325e-09,6.5192580223083504e-09,0.0117025204613401,0.0187131110578775,0.6139924982387996,0.8362369337979094,0.6139924982387996,0.8362369337979094,0.7543649206983873,1.0,14835.5,7892.0,41.0,41.0,0.9672131147540983,1.0,4.082129297982435e-05,3.238945172001628e-05,0.0002044679891921258,0.0001361496713177,3.747823640548196e-05,3.026978604811513e-05,0.00017918997094923002,0.0001240145502379,0.00559736706953512,0.0053626096220114,0.00531240900946618,0.0021975528357959,0.005603188335336231,0.0054272669853571,0.006630823392398512,0.0085552231267911,0.043272879365437576,0.0698788106986662,0.0058822811428247196,0.0073024742028016,0.9672131147540983,1.0,0.005597367084599708,0.0053626094013452,0.00858594578881031,0.0080193933099508,0.006630823392767024,0.0085552223026752,0.008660590624890893,0.0091034425422549,4.0821293257282716e-05,3.238945282646455e-05,1.0,1.0,3822.0819672131147,4096.0,15047.0,30012.0,0.0011334315953662889,0.0008245816425187,10.0,10.0,8.446743465450549e-08,1.097505446523428e-07,3.888421591999177e-09,6.461050361394882e-09,0.0073437838964806245,0.0043487190268933,0.01172087152061987,0.0122680971398949,0.00778913318141056,0.0096447234973311,0.5766022354825603,0.9515476822853088,0.6651339464214314,1.0
E3_UNLOCKPICKUP,active,unlockpickup,ppo-cf-distilled-uncertainty-leverage,2,0.75,uncertainty_leverage,e3_unlockpickup_active_b0p75,MiniGrid-UnlockPickup-v0,unlockpickup_cf,landscape_distill,1.0,0.5,64,0.02,2.56,0.75,1500000,5185.9,39680,78112,runs/e3_unlockpickup_active_b0p75/seed_2,2026-09-11T22:18:08+0800,c7f5f8c,1.0,37657,0.67122224,493456.0,514320.0,1.0,1.0,0.9268437500000001,23.41,0.8089770674705505,0.0126482578416471,0.1258544921875,0.9553698436426624,-0.0055555503349751,0.0017148047936643,289.0,,,,,,,0.0,0.0,0.7202868852459017,0.75,1.0,1.0,3.3879423128502046e-09,2.9685907065868374e-09,0.009701829823338292,0.0162187498062849,0.14994250807295365,0.2454974502325058,3.3879423128502046e-09,2.9685907065868374e-09,0.009701829823338292,0.0162187498062849,0.5153557624569219,0.8902439024390244,0.5153557624569219,0.8902439024390244,0.6408103425296547,1.0,17828.920765027324,10039.0,41.0,41.0,0.9672131147540983,1.0,2.3356876293048156e-05,2.957342025311505e-05,0.00011796882121508911,0.000135756295427,2.1424096152637183e-05,2.740426336117084e-05,0.0001044932196729666,9.011162183014676e-05,0.00399618198574405,0.0054351941172399,0.004471714570861673,0.0042671267590599,0.003986467568210506,0.0054590559815574,0.0052237988553295546,0.0074776851349156,0.03288850299726311,0.0453328215630679,0.00465865043987401,0.0067043614709623,0.9672131147540983,1.0,0.003996181992948756,0.005435193888843,0.006315555927010274,0.0089562125504016,0.005223798847062556,0.0074776848778128,0.006923622826096432,0.0077749276533722,2.335687633504576e-05,2.9573420761153105e-05,1.0,1.0,3822.0819672131147,4096.0,15047.0,30012.0,0.0008139068041918308,0.0005089861457236,10.0,10.0,7.0721292283198e-08,1.4578108675777912e-07,3.044385659171884e-09,2.1464074961841102e-09,0.006083565047109333,0.0027403442654758,0.009098753915168296,0.0071968059055507,0.006096826516665265,0.0068915132433176,0.4342211106163159,0.8599276542663574,0.5571771291483407,0.6829268292682927
E3_UNLOCKPICKUP,uncertainty,unlockpickup,ppo-cf-distilled-uncertainty,0,0.75,uncertainty,e3_unlockpickup_uncertainty_b0p75,MiniGrid-UnlockPickup-v0,unlockpickup_cf,landscape_distill,1.0,0.5,64,0.02,2.56,0.75,1500000,6317.5,26788,55072,runs/e3_unlockpickup_uncertainty_b0p75/seed_0,2026-09-11T18:57:15+0800,c7f5f8c,0.97,23500,0.41300048,876048.0,910736.0,1.0,1.0,0.9034375,29.94,0.925623333081603,0.0088575771687828,0.129150390625,0.9283032590028526,-0.0088634872518014,0.0020609932253137,237.0,,,,,,,0.0,0.0,0.7202868852459017,0.75,1.0,1.0,1.8816339573282187e-09,2.91038304567337e-09,0.006273584746735889,0.0146382944658398,0.14594451120871374,0.2206330597400665,1.8816339573282187e-09,2.91038304567337e-09,0.006273584746735889,0.0146382944658398,0.22751851640296267,0.0418118466898954,0.22751851640296267,0.0418118466898954,0.2870185259229642,0.048780487804878,25576.19398907104,16176.0,41.0,41.0,0.9672131147540983,1.0,0.0020853847589250656,0.0039035115446495,0.004308533792760934,0.0114584504285963,0.0020399691583335004,0.0037491754737766,0.0038926210560267112,0.0089853005483746,0.002053007332476625,0.0039035115446495,0.004202991120781781,0.0114584504285963,0.002009086388121611,0.0037491754737766,0.0032113327862928667,0.0074023450109166,0.006246656618045234,0.0053237092045203,0.0031493256726397283,0.0074448084230054,0.9672131147540983,1.0,0.002053007331760703,0.0039035114459693,0.002985488993937577,0.0057958737015724,0.0032113327726987187,0.0074023446068167,0.004363869817604902,0.0070618879981338,0.002085384758226103,0.0039035114459693,1.0,1.0,3822.0819672131147,4096.0,15047.0,30012.0,0.0008875295695746112,0.0014481708640232,10.0,10.0,4.287388842492717e-08,5.448237061500549e-08,7.832851889868268e-10,4.94765117764473e-10,0.006395771127418995,0.0296692214906215,0.006481691932785462,0.0294774863868951,0.0018327392237074392,0.0024120199959725,0.053206529766999876,0.0161263216286897,0.24816739970678392,0.2682926829268293
E3_UNLOCKPICKUP,uncertainty,unlockpickup,ppo-cf-distilled-uncertainty,1,0.75,uncertainty,e3_unlockpickup_uncertainty_b0p75,MiniGrid-UnlockPickup-v0,unlockpickup_cf,landscape_distill,1.0,0.5,64,0.02,2.56,0.75,1500000,5938.9,32856,72288,runs/e3_unlockpickup_uncertainty_b0p75/seed_1,2026-09-11T18:56:45+0800,c7f5f8c,0.99,30223,0.55811264,644208.0,701040.0,1.0,1.0,0.9305625,21.9,0.6689698211848736,0.0297313114606367,0.135009765625,0.9965707409861536,-0.0421447649714536,0.0001962105839083,252.0,,,,,,,0.0,0.0,0.7202868852459017,0.75,1.0,1.0,3.2371221234830466e-09,5.966285243630409e-09,0.009435450498051537,0.0203438121825456,0.14162045194197423,0.3226412832736969,3.2371221234830466e-09,5.966285243630409e-09,0.009435450498051537,0.0203438121825456,0.3312960530073685,0.048780487804878,0.3312960530073685,0.048780487804878,0.4082367053178728,0.048780487804878,23921.39617486339,34730.0,41.0,41.0,0.9672131147540983,1.0,0.0034127319530453445,0.004486048757144,0.0071693284805612115,0.0107948002291888,0.003335990319947112,0.0043571704261257,0.006427568952766023,0.0084686316549777,0.0033391301794954884,0.004486048757144,0.006972097413589034,0.0107948002291888,0.0032649141074487338,0.0043571704261257,0.0045085008507633325,0.0084351700568277,0.007709366920690725,0.0054281500917745,0.004443111957456394,0.0084965989649329,0.9672131147540983,1.0,0.003339130204467339,0.0044860490597784,0.004840656217853006,0.0076906052418053,0.004508500852824973,0.008435171097517,0.007716534105180385,0.008306685835123,0.003412731979068551,0.0044860490597784,1.0,1.0,3822.0819672131147,4096.0,15047.0,30012.0,0.0016437152723492924,0.0013945649843662,10.0,10.0,6.169601829055939e-08,6.545633368659766e-08,1.710678462273552e-09,8.98580765351653e-10,0.009927986963439554,0.0077034095302224,0.009717184932849688,0.0074469498358666,0.0029441485874018136,0.0024203141219913,0.07437749987606804,-0.0391359664499759,0.2822870851659336,0.2195121951219512
E3_UNLOCKPICKUP,uncertainty,unlockpickup,ppo-cf-distilled-uncertainty,2,0.75,uncertainty,e3_unlockpickup_uncertainty_b0p75,MiniGrid-UnlockPickup-v0,unlockpickup_cf,landscape_distill,1.0,0.5,64,0.02,2.56,0.75,1500000,9381.3,43550,63568,runs/e3_unlockpickup_uncertainty_b0p75/seed_2,2026-09-11T20:51:42+0800,c7f5f8c,0.98,41666,0.7140993066666667,423408.0,445824.0,1.0,1.0,0.9168125,25.98,0.5177283547818661,0.0364576897009101,0.1134033203125,0.9893763432731332,-0.0281945985625498,0.000315751535254,159.0,,,,,,,0.0,0.0,0.7202868852459017,0.75,1.0,1.0,4.742279322118157e-09,3.754394128918648e-09,0.012351063200443695,0.0196510087698698,0.16219089997428482,0.164201334118843,4.742279322118157e-09,3.754394128918648e-09,0.012351063200443695,0.0196510087698698,0.33483749357399895,0.7979094076655052,0.33483749357399895,0.7979094076655052,0.4231640677062508,0.8048780487804879,23824.868852459018,10269.0,41.0,41.0,0.9672131147540983,1.0,0.00346094654269683,0.0037110613046706,0.007837082565707127,0.0100006733952862,0.0033715486468605463,0.0035825739625106,0.006911603227128767,0.0098348082974553,0.0033825678617952644,0.0037110613046706,0.007615581630596989,0.0100006733952862,0.0032960937389647357,0.0035825739625106,0.005596174920087982,0.0077192072670868,0.008818042992842313,0.0069151724143544,0.0055303569873610585,0.0077356324932762,0.9672131147540983,1.0,0.003382567859883242,0.0037110613193362,0.0050383042176749765,0.006901797838509,0.005596174925465158,0.0077192075550556,0.006929678053600167,0.0081134727224707,0.0034609465408638293,0.0037110613193362,1.0,1.0,3822.0819672131147,4096.0,15047.0,30012.0,0.0011719877469395065,0.0007689894351642,10.0,10.0,6.695999556163497e-08,1.00000761449337e-07,2.207809726175578e-09,6.83940015733242e-10,0.008680823831589935,0.0121352532878518,0.008402411323396915,0.0151286274194717,0.0030358026681729525,0.0038183629512786,0.06547464790376784,0.7734001874923706,0.22204451552712248,0.8048780487804879
E3_UNLOCKPICKUP,uniform,unlockpickup,ppo-cf-distilled-uniform,0,0.75,uniform,e3_unlockpickup_uniform_b0p75,MiniGrid-UnlockPickup-v0,unlockpickup_cf,landscape_distill,1.0,0.5,64,0.02,2.56,0.75,1500000,5132.8,43369,55072,runs/e3_unlockpickup_uniform_b0p75/seed_0,2026-09-11T17:11:57+0800,c7f5f8c,0.98,41189,0.6549056,505056.0,545312.0,1.0,1.0,0.91746875,25.77,0.709482841193676,0.0315891693771845,0.1719970703125,0.994655607437098,-0.0343064992048312,0.0003378875317139,292.0,,,,,,,0.0,0.0,0.7202868852459017,0.75,1.0,1.0,2.9002621979797552e-09,3.2596290111541752e-09,0.011884997961074105,0.016913903877139,0.1505776435363264,0.165565088391304,2.9002621979797552e-09,3.2596290111541752e-09,0.011884997961074105,0.016913903877139,0.5637935302069649,0.813588850174216,0.5637935302069649,0.813588850174216,0.5919632147141144,0.8292682926829268,18720.147540983606,10253.0,41.0,41.0,0.0,0.0,,,,,,,,,0.0019775446051317693,0.0019814129079804,0.001965230625577212,0.0018877149218829,0.001977796161266169,0.0019833270173128,0.005078458203451793,0.0073362030213104,0.0051804384116335474,0.0064579516637888,0.005076374900743547,0.0073541443793863,0.9672131147540983,1.0,0.0019775446110895612,0.0019814129918813,0.003312929829708479,0.0033043005969375,0.005078458221372525,0.0073362030088901,0.006419715754970188,0.0080436989665031,,,0.0,0.0,3822.0819672131147,4096.0,15047.0,30012.0,0.0005591341808453444,0.0003210908544133,10.0,10.0,8.187287496415683e-08,8.518691174685956e-08,2.2178519081977664e-09,3.7689460441470154e-09,0.0035860194942959256,0.0028197327628731,0.004034475586468481,0.0043004751205444,0.0012961370334852722,0.002007438102737,0.40972082829150586,0.7349422574043274,0.48640543782487,0.7317073170731707
E3_UNLOCKPICKUP,uniform,unlockpickup,ppo-cf-distilled-uniform,1,0.75,uniform,e3_unlockpickup_uniform_b0p75,MiniGrid-UnlockPickup-v0,unlockpickup_cf,landscape_distill,1.0,0.5,64,0.02,2.56,0.75,1500000,5481.1,36209,89568,runs/e3_unlockpickup_uniform_b0p75/seed_1,2026-09-11T17:17:46+0800,c7f5f8c,0.99,33857,0.62087856,563072.0,616880.0,1.0,1.0,0.92628125,23.27,0.5943011585623026,0.0184848419594345,0.1314697265625,0.90093636281275,-0.0212913196155568,0.0006876842280689,273.0,,,,,,,0.0,0.0,0.7202868852459017,0.75,1.0,1.0,2.4213674999477692e-09,6.05359673500061e-09,0.010517879689051506,0.0199143551290035,0.13132806840388336,0.1165559217333793,2.4213674999477692e-09,6.05359673500061e-09,0.010517879689051506,0.0199143551290035,0.5234477637516421,0.8885017421602788,0.5234477637516421,0.8885017421602788,0.55771024923364,0.926829268292683,20113.24043715847,9135.0,41.0,41.0,0.0,0.0,,,,,,,,,0.0023154529979380906,0.0029357861039898,0.002290582737047505,0.0027773912666683,0.00231596106006889,0.0029390218729634,0.004861007436462551,0.0086779698325472,0.004787044125388391,0.0109980566165887,0.004862518395981256,0.0086305739391014,0.9672131147540983,1.0,0.002315453007258044,0.0029357862658798,0.0037583913654088475,0.0057664737105369,0.004861007421301271,0.0086779696866869,0.0065951679180066575,0.0079990457743406,,,0.0,0.0,3822.0819672131147,4096.0,15047.0,30012.0,0.0006923263445039785,0.0004569438198814,10.0,10.0,7.82542769284912e-08,1.1468364391475917e-07,1.6149937489332887e-09,5.793481250293553e-09,0.0049104620685070125,0.0050211525522172,0.005264231755630043,0.0060357642360031,0.001368185141453151,0.0022540932986885,0.3292162605412457,0.4672545790672302,0.4337598294015727,0.5609756097560976
E3_UNLOCKPICKUP,uniform,unlockpickup,ppo-cf-distilled-uniform,2,0.75,uniform,e3_unlockpickup_uniform_b0p75,MiniGrid-UnlockPickup-v0,unlockpickup_cf,landscape_distill,1.0,0.5,64,0.02,2.56,0.75,1500000,8935.1,44131,68848,runs/e3_unlockpickup_uniform_b0p75/seed_2,2026-09-11T18:15:19+0800,c7f5f8c,1.0,41999,0.6763337600000001,477584.0,512064.0,1.0,1.0,0.93625,20.4,0.5252596819773316,0.0082904807313752,0.0477294921875,0.2856727150692129,0.0020812006987398,0.0023074110940797,167.0,,,,,,,0.0,0.0,0.7202868852459017,0.75,1.0,1.0,2.8088297929203353e-09,2.9685907065868374e-09,0.013289537644198197,0.0237164888530969,0.13841432865703976,0.2109740823507309,2.8088297929203353e-09,2.9685907065868374e-09,0.013289537644198197,0.0237164888530969,0.567791930846709,0.9773519163763066,0.567791930846709,0.9773519163763066,0.6024923363987739,1.0,18682.915300546447,7583.0,41.0,41.0,0.0,0.0,,,,,,,,,0.0023465917963011456,0.0018554035799525,0.0023341299324756135,0.0018097296890961,0.0023468463734894096,0.0018563366290432,0.005903223147473581,0.009256779882321,0.005849884340985035,0.0054121532920384,0.0059043127792952205,0.0093353198375784,0.9672131147540983,1.0,0.002346591789150035,0.001855403650552,0.0037937766224745923,0.0032373371068388,0.005903223144110559,0.0092567801475524,0.007713843189905695,0.0109133934602141,,,0.0,0.0,3822.0819672131147,4096.0,15047.0,30012.0,0.0007582809378126157,0.0005214793956838,10.0,10.0,8.717706957531597e-08,1.7041020328179004e-07,2.052227580344783e-09,1.6589183360338211e-09,0.004629547210625527,0.0036049031186848,0.00518102245832724,0.0043485970236361,0.0015843346667818367,0.0015309333102777,0.39452398518253295,0.7281121611595154,0.5119285619085698,0.7804878048780488
